budget,revenue,popularity,runtime,vote_average,title,genres,success,roi
57755036,107323371,60.3773601820793,98,6.611888117846714,Movie 1,Romance,0,1.8582513047000784
192100010,342896533,86.28985701546246,96,7.184686968985837,Movie 2,Drama,1,1.7849896676215686
128521863,253206827,86.99532434251914,148,3.5429778665752005,Movie 3,Comedy,1,1.9701459431847796
156299516,89635602,72.71009622662443,118,5.985175896164717,Movie 4,Drama,0,0.57348611367421
148532820,221133868,74.82958452853647,161,4.578480179545145,Movie 5,Comedy,1,1.488787919060582
134224038,270524761,56.234817069919366,150,7.346318135988268,Movie 6,Romance,1,2.0154717815895244
36788921,73368473,58.88214092641665,160,4.137333051221643,Movie 7,Adventure,0,1.994308911642176
134120466,332939335,14.231407559641282,118,8.353427493228638,Movie 8,Action,1,2.4823902341645607
161953558,346179511,44.94205965370881,115,5.585648019109962,Movie 9,Horror,1,2.137523344809751
94410762,281375537,45.626852104750014,119,4.188018181845321,Movie 10,Horror,1,2.980333290816994
92090292,111395762,95.89128573110628,124,5.628130778101976,Movie 11,Action,0,1.2096363208404204
166850211,233236168,43.677599399705656,83,5.452462576851167,Movie 12,Horror,1,1.3978775729567403
77737383,113466874,55.38492184537301,104,5.573513756962262,Movie 13,Horror,0,1.45961787779761
112190146,290571935,64.03940998738838,109,6.127042349481226,Movie 15,Adventure,1,2.589995158754852
89409749,97410154,75.07505030185769,155,3.898662790085416,Movie 16,Drama,0,1.0894802310651828
140199233,342086201,23.27914574091634,147,3.393474435879818,Movie 17,Animation,1,2.440000516978577
149171095,225736957,53.343717490745135,167,7.376492692359243,Movie 18,Action,1,1.513275457286145
86652971,173707878,82.76585302428701,108,6.358304615569881,Movie 19,Romance,1,2.0046384560778647
5521373,11491917,46.84835666991364,152,5.154004608475582,Movie 20,Comedy,0,2.0813513233030987
107683173,154215397,28.56729709098373,147,7.850146934988443,Movie 21,Horror,1,1.4321215906221485
107328085,164488655,82.55297218411317,103,7.775790537603645,Movie 23,Thriller,1,1.5325779361478404
31349564,21092988,7.250888999811741,93,4.834536765074248,Movie 24,Horror,0,0.6728319411395961
100052376,159374777,77.90225785731549,148,3.4370717852711987,Movie 25,Comedy,1,1.5929134656432349
178077808,132397908,82.34314536321534,97,8.595838162799573,Movie 26,Science Fiction,0,0.743483477739124
107406362,162457707,46.69076983127207,121,5.367306775688239,Movie 27,Drama,1,1.512551993893993
107777086,213646086,98.34726002502828,136,7.756155437096267,Movie 28,Adventure,1,1.9822959956441948
63250665,123246276,78.8841257300236,162,4.674864799333827,Movie 29,Animation,0,1.948537236723124
182009883,392513995,77.59259392467091,91,6.878190672741936,Movie 30,Science Fiction,1,2.1565531966195484
156716283,115680715,75.0360188667951,161,8.239865239546369,Movie 31,Thriller,0,0.7381537692544686
195438926,416345129,15.910202218609124,96,3.249864134039882,Movie 32,Adventure,1,2.1303081096546754
80757501,103399493,22.50585775884807,109,7.983814588116536,Movie 33,Animation,0,1.2803701417159998
121716221,182284021,46.93502301497808,167,6.427998029831572,Movie 34,Science Fiction,1,1.4976148577600024
53286002,27845986,42.10885626107,178,6.138948004835896,Movie 36,Animation,0,0.5225760041070449
33049003,65140628,88.95794688236914,102,8.246850619701855,Movie 37,Science Fiction,0,1.9710315618295655
62136438,124073104,82.60836229604766,160,3.260600143413825,Movie 38,Animation,0,1.9967849460569336
197412659,294470482,63.37394796951824,80,4.5661703492150885,Movie 39,Animation,1,1.4916494387525574
129482111,141468223,85.95391903085925,158,8.254575233154931,Movie 40,Science Fiction,0,1.0925696368975637
126683192,137664736,78.59346651270768,111,7.514074215191735,Movie 41,Romance,0,1.0866850907893133
194466162,526862150,43.46950825224816,88,3.105870961071635,Movie 42,Animation,1,2.7092741718222424
196524628,315434003,20.90545005294457,94,6.102037699258252,Movie 43,Action,1,1.6050609341440911
56831368,75427921,51.90590296092458,107,6.177436084276049,Movie 44,Action,0,1.3272233918423362
11959014,19396850,73.88665937032646,103,5.405292810767462,Movie 45,Horror,0,1.6219439161121476
57972561,126001970,44.20554027422971,139,4.784359992371938,Movie 46,Adventure,0,2.1734760001373754
49900483,43133549,67.01041906860583,114,7.090349102474052,Movie 47,Romance,0,0.8643914128045614
21193880,34410056,10.33841520281332,165,4.246742788228523,Movie 48,Drama,0,1.6235845442174817
121826171,239962340,75.05246890076894,106,7.793691372430237,Movie 49,Romance,1,1.9697109252493867
4385357,12592370,81.45864836941314,162,7.81822296460483,Movie 50,Animation,0,2.871458355613921
45738553,51744914,70.97694772227358,155,5.491568625436923,Movie 51,Horror,0,1.1313194363625805
69574553,97274052,96.75909516511018,99,4.701288065457886,Movie 52,Romance,0,1.3981268697479092
152063092,220247646,82.8385536886034,144,4.703269089544279,Movie 53,Adventure,1,1.4483964721695912
187375041,377344363,90.40627905977728,164,5.89374794397726,Movie 54,Horror,1,2.0138453925675197
89883975,164827418,80.33345119550705,80,5.153212145963153,Movie 56,Thriller,1,1.833779803352044
148697582,364974620,67.75162535864341,89,6.660260072746509,Movie 57,Action,1,2.454475823285412
148405005,335909384,1.5661395547181396,126,5.294906763495566,Movie 58,Horror,1,2.263463984924228
69979792,113081858,47.11674956908934,138,4.8271391349083,Movie 59,Comedy,0,1.6159216077692828
38709731,102988804,57.54506756361374,175,3.1491570954947647,Movie 60,Thriller,0,2.660540420701968
162156967,307344308,31.09899697235196,141,3.023484634412344,Movie 61,Action,1,1.895350620365266
24027075,44444432,32.492340243443735,165,4.363246066992026,Movie 62,Thriller,0,1.8497645676804189
87191493,51047952,96.15478215530636,97,5.438437720805973,Movie 63,Adventure,0,0.5854694104159909
88796277,263434796,89.27937565507185,125,8.107567004172362,Movie 64,Drama,1,2.9667324453253823
138802430,87340331,2.35615649048254,171,4.467242657905796,Movie 67,Comedy,0,0.6292420889173194
108944665,115672318,31.90744045354276,118,5.035424043173202,Movie 69,Animation,0,1.0617529366857936
53631083,50950928,2.558548386572021,128,5.9891923173701125,Movie 70,Animation,0,0.9500260884159284
9585377,6914785,2.697828409604613,172,5.632006632189453,Movie 71,Drama,0,0.72138894484797
87544585,66382641,91.74372686259868,161,4.309639192688962,Movie 72,Romance,0,0.7582723820096925
86157821,169013794,70.90969170978636,123,3.782708459661708,Movie 73,Animation,1,1.961676746676312
153041741,339832195,31.586643016747114,151,3.075466874917172,Movie 74,Animation,1,2.22051966201822
171819422,256603281,14.131813182494364,133,3.923779431999023,Movie 75,Horror,1,1.493447469518318
61304654,104202138,51.65193607161263,174,7.23213822116471,Movie 76,Romance,0,1.699742698164482
112636935,249481725,1.529269924582081,113,4.4618314160734975,Movie 77,Science Fiction,1,2.214919333520572
35119117,19085465,93.90296064195626,150,5.811610860729059,Movie 78,Thriller,0,0.5434494551785001
37433622,48956688,42.06669681950577,115,6.547806893539468,Movie 79,Science Fiction,0,1.3078266377749928
90482491,265362016,40.831160568495946,97,8.321045416989643,Movie 80,Romance,1,2.932744369294608
195249720,380791736,39.66876715059644,117,8.333130590360517,Movie 81,Romance,1,1.9502805740259197
102670589,116588762,7.863504708388711,138,7.474402402088154,Movie 82,Drama,0,1.135561441066633
56105831,101233160,64.19390173939084,88,3.2109419522910088,Movie 83,Drama,0,1.8043251155125035
138584340,188008188,73.56735834320698,152,6.450422514512489,Movie 84,Science Fiction,1,1.356633714891596
59743503,109367201,67.93641436124074,151,7.719500824989039,Movie 85,Drama,0,1.8306124600695075
92693393,75485214,14.705113839610036,130,3.10372826858018,Movie 86,Animation,0,0.8143537695291831
171476398,142631775,58.30517663552367,114,6.29810768193947,Movie 87,Romance,0,0.8317866287347604
70739572,60755099,57.37896393305313,161,8.146584874716176,Movie 88,Romance,0,0.8588559031711416
105157975,299652852,86.97266800619683,84,5.844612455053602,Movie 89,Horror,1,2.849549470689218
191066585,445614526,38.533638179189055,93,3.024637217384691,Movie 90,Drama,1,2.3322472948370327
120208152,108903144,37.77710842228399,171,3.0660801500136445,Movie 91,Animation,0,0.9059547309237396
133862715,129963656,62.23417881310037,109,5.499816224482503,Movie 92,Animation,0,0.9708727034260436
192273147,447433781,63.67419269645179,83,3.930052004500528,Movie 93,Comedy,1,2.3270736864779145
184378299,164172209,47.45923750525325,118,6.986703942559558,Movie 94,Adventure,1,0.8904096083455028
112665644,122400319,44.86287687071169,163,7.252795589436924,Movie 95,Romance,0,1.0864032251038305
69394024,201823295,49.92061939315038,143,4.067278772763771,Movie 96,Comedy,1,2.908367080715769
199743196,227360951,86.24348465082788,104,8.33119973114691,Movie 97,Comedy,1,1.1382663117095613
52757120,155452980,94.05324740501244,155,3.8570754455515424,Movie 99,Science Fiction,1,2.9465782059369428
68157848,97857079,50.89637259603628,145,7.585509588416373,Movie 100,Animation,0,1.435741911921867
96540567,52497792,94.97086862490823,157,7.739847000100637,Movie 101,Romance,0,0.5437899696611478
86390464,95925226,83.4503582850385,101,6.835772835992745,Movie 102,Action,0,1.1103682230483216
49170987,126723122,36.88070093896708,110,8.12079331921532,Movie 103,Thriller,0,2.5771929695045577
187780295,499781403,86.50050070836498,102,7.424237832184028,Movie 104,Romance,1,2.661522088885844
24717335,59848043,11.896265135910406,127,8.293234423361945,Movie 105,Science Fiction,0,2.421298372174832
61472382,48119016,92.57967035895844,99,5.603328290912877,Movie 106,Comedy,0,0.78277454743823
13719242,34144119,63.53270799320627,117,7.485582768596655,Movie 107,Adventure,0,2.4887759105058427
49715250,139038365,6.384684103708807,134,8.998509380574266,Movie 108,Horror,0,2.796694475035326
84139152,168406519,64.78141564143034,147,7.3495871851177155,Movie 109,Science Fiction,1,2.001523844690044
179271906,460208409,7.910264806848263,167,6.109912334575098,Movie 111,Horror,1,2.567097205961541
173552610,376162923,55.91408326822855,168,6.524086747458168,Movie 112,Comedy,1,2.1674287871556643
92355424,179443180,75.03164062617788,80,4.0452640504283455,Movie 113,Romance,1,1.942963090072544
187659194,257362230,81.2156000832536,86,8.777349805068226,Movie 114,Romance,1,1.3714341648509905
50583876,45435378,41.96891906675879,136,4.053478665807698,Movie 115,Animation,0,0.8982185943995277
198421286,399299981,21.212489357656057,174,4.065347518279337,Movie 116,Science Fiction,1,2.0123848053277915
112999993,146366504,5.191885598466,91,8.49100282784733,Movie 117,Animation,0,1.2952788766986916
172625499,460236267,58.39288955262525,84,5.791232598730026,Movie 118,Science Fiction,1,2.666096663969672
162226952,483978535,45.83819595649347,129,3.379129675647097,Movie 119,Romance,1,2.9833423425227146
52327755,124596016,94.92569511982138,121,6.589124999631172,Movie 120,Science Fiction,0,2.3810693961550613
80018913,58110073,6.999885863776068,91,6.610958091798287,Movie 121,Romance,0,0.7262042287427724
5545583,4285482,3.47165598988566,145,8.835134973801972,Movie 123,Drama,0,0.7727739355808037
189296765,402497758,17.971983494343732,153,6.264179791767454,Movie 124,Action,1,2.1262791152294653
55474455,133858592,45.90432099236058,158,6.3587743330785855,Movie 125,Drama,0,2.412977144164824
181844642,290120554,68.88435375043075,96,6.66439067786772,Movie 127,Adventure,1,1.5954308623511713
124685547,343314063,91.1110904519079,147,4.58579851664253,Movie 128,Drama,1,2.7534391215366765
54933927,148031985,64.26418373257715,150,4.723448087849045,Movie 129,Romance,0,2.694727886466227
107179285,138581667,95.39997468729938,141,6.068034538776796,Movie 130,Horror,0,1.292989284263279
53453338,142840766,88.27994834792176,120,7.840115128581477,Movie 131,Action,0,2.672251562661999
150099456,216020229,58.86547975754824,174,3.299187458965073,Movie 132,Comedy,1,1.4391806256779505
35045666,43532786,83.5454031409639,113,6.620425273321476,Movie 133,Animation,0,1.24217316914451
147939822,314029884,64.61518342203976,149,7.840668855037884,Movie 134,Science Fiction,1,2.1226866421402075
111573005,147382703,8.777225261448987,124,3.941503632223363,Movie 135,Action,0,1.3209530656631503
157396162,326679176,74.31590760269148,137,3.0901352518833978,Movie 136,Comedy,1,2.075521866918204
47321408,95805953,10.395935685467276,130,4.876279770848749,Movie 137,Comedy,0,2.0245795095530545
148014660,282500383,59.81419527640153,113,6.528862240377589,Movie 138,Action,1,1.9085973173197843
91053374,132122931,70.56138037996466,123,3.829699040428486,Movie 139,Drama,0,1.451049260404123
174660954,347787282,23.848670738726643,157,6.313928984245668,Movie 141,Thriller,1,1.9912136859163156
98636744,183880316,91.65155099390331,149,6.593298568543903,Movie 142,Comedy,1,1.8642172130093837
100483854,161884375,62.01513473105674,129,4.646470326002251,Movie 143,Adventure,1,1.6110486267773925
110174313,59126988,25.382315862242628,111,5.400177815917749,Movie 144,Adventure,0,0.5366676350412096
8887739,17487997,69.37729734365266,146,7.670035374405352,Movie 145,Animation,0,1.967654203166857
195954700,180496022,60.08086557620727,82,8.647288164724113,Movie 146,Horror,1,0.921110960849625
62071026,130748887,50.65599429187689,165,8.171281986709543,Movie 147,Romance,0,2.106439919327256
135987326,326146674,97.64251052382028,165,6.385701010400592,Movie 148,Comedy,1,2.39836081488947
90178975,157913600,68.66192396334338,153,5.461756817663679,Movie 149,Thriller,1,1.751113272245554
163651376,471102626,80.20726977560993,146,3.7497393965041086,Movie 151,Horror,1,2.8786963942179136
8971379,23486338,88.57374599919758,155,3.639307483296678,Movie 152,Adventure,0,2.617918382447113
4331068,12064585,13.396835392166311,172,7.1301457494819465,Movie 153,Adventure,0,2.7855912213800385
37810847,95828405,20.85474480668138,127,4.558766497026962,Movie 154,Action,0,2.5344157193833823
35428803,27361517,22.40647390365019,96,4.527970118594681,Movie 155,Comedy,0,0.7722958351147229
140871965,122907921,69.42996912926749,86,8.989170326866713,Movie 156,Thriller,0,0.8724796378044418
62553124,113631471,60.700915950275046,92,4.127555747242773,Movie 157,Science Fiction,0,1.8165594894988777
181033766,201884175,62.28016490516023,145,3.888358556932978,Movie 158,Animation,1,1.1151741438113816
152968492,258782715,94.1365566692606,83,3.592111366559524,Movie 159,Animation,1,1.6917386817149247
172116174,255749713,77.8152417479233,89,6.478832071000777,Movie 160,Drama,1,1.4859133052771671
24841962,46542300,13.665755526666535,167,6.767182956012609,Movie 161,Adventure,0,1.873535592720092
67834972,160578219,35.40320116009292,96,5.191367557541292,Movie 162,Drama,1,2.367189286965431
178374243,408249993,44.10397097139783,131,6.212480013068807,Movie 163,Romance,1,2.2887272631620923
23993420,43262183,40.20019728601289,85,7.730397185669475,Movie 164,Science Fiction,0,1.8030853042209072
63190751,161514519,67.26155230702604,162,7.90862500993049,Movie 165,Science Fiction,1,2.555983533096481
157188486,247910642,89.29741722239969,148,8.74747245429389,Movie 166,Animation,1,1.5771552249698493
171731194,470850136,31.299094888756013,175,7.945607915537247,Movie 167,Thriller,1,2.7417857235651666
156569237,451960599,79.15153276944498,88,4.077941795021076,Movie 169,Comedy,1,2.886650070345556
24484187,52316163,42.205587825689584,170,3.5985813462170544,Movie 170,Horror,0,2.136732700170931
196995197,285679730,17.64369471153029,156,3.327071339465155,Movie 171,Adventure,1,1.4501862702774424
37093880,36829968,48.02014556111108,162,6.999154990712302,Movie 172,Animation,0,0.992885295364087
185658932,315241082,6.467029553559819,100,7.8452175323879585,Movie 173,Drama,1,1.6979580707703306
82752859,81627073,94.2959619462254,103,6.052103704104474,Movie 174,Thriller,0,0.9863958053703016
133888171,122618672,8.407299314302332,83,3.32828504900184,Movie 175,Drama,0,0.9158290167396492
179283859,366344943,44.40721480980724,103,6.212823447548029,Movie 176,Thriller,1,2.0433793931220547
36563453,79534288,98.54507939644128,178,6.585679145594763,Movie 178,Adventure,0,2.175240068272545
51873983,94963134,12.328720342623498,147,7.800915890350503,Movie 180,Thriller,0,1.830650520897923
91586459,178807003,1.8619085591918143,119,8.592774598683917,Movie 181,Thriller,1,1.9523301255702004
189110296,136928306,16.40157225006093,127,7.62137259389924,Movie 182,Animation,0,0.7240658435646465
24637222,56519991,21.52002492769909,133,7.486203084078538,Movie 183,Romance,0,2.2940894472599225
137702141,206520578,63.42751321672614,114,4.404615989823844,Movie 184,Drama,1,1.49976301385176
96057280,282582564,22.75097224874864,174,3.3595509319264885,Movie 185,Horror,1,2.941813093187731
174667704,446788640,3.031560658203196,135,6.105596790322847,Movie 186,Thriller,1,2.557935037607181
98453338,177826675,82.83521620474639,168,3.746605247680531,Movie 187,Adventure,1,1.806202599245543
3235000,2614063,37.19397439939271,119,8.773175257667948,Movie 188,Thriller,0,0.8080565687789799
24685747,65381175,36.01597197149266,156,4.739548575798171,Movie 189,Action,0,2.648539458822129
173094412,432641302,30.94542388762473,147,8.117665220305758,Movie 190,Animation,1,2.4994527379659144
30859174,29669948,97.56195443749569,125,5.325747751214756,Movie 191,Science Fiction,0,0.961462805193684
171320581,212128410,17.841426313618868,157,4.939165499144265,Movie 192,Action,1,1.238195719170483
47159303,117120984,89.92556833137027,92,8.610951434259727,Movie 193,Action,0,2.4835181300283424
147412954,141969158,77.90352988184891,106,5.179935432517344,Movie 194,Horror,0,0.9630711151748576
183153864,511801718,8.571515594431995,85,5.3417274519788185,Movie 195,Romance,1,2.7943812203710863
22200096,15930731,27.865230390362044,115,7.022679991695056,Movie 197,Science Fiction,0,0.7175973923716366
84375337,214260335,10.759709775218822,178,4.733036486865081,Movie 198,Action,1,2.539371605709853
108868843,156093339,83.10210917845018,160,6.513625007037043,Movie 199,Science Fiction,1,1.433774206638717
24234510,44015879,70.96087783409229,81,6.548110224319257,Movie 200,Horror,0,1.8162479455949387
186933626,145950458,62.10466178191218,156,7.315198173574602,Movie 201,Science Fiction,0,0.7807608567973747
46968757,23787798,16.44210550619438,131,7.471448917034648,Movie 202,Science Fiction,0,0.5064600283120118
135278815,283404114,48.37111550934023,145,6.086714606409236,Movie 203,Animation,1,2.0949630139796835
67653416,134213987,31.058769876240184,171,8.024705369008403,Movie 205,Science Fiction,0,1.9838464180433992
124850419,310173340,31.857293022989104,122,4.8591938964509085,Movie 206,Science Fiction,1,2.484359623975311
148240432,138891442,18.25009676289257,101,5.407515499222368,Movie 208,Science Fiction,0,0.9369336025680228
17816569,24977605,87.6651568870616,134,8.13047031581813,Movie 209,Animation,0,1.401931258481922
108147827,298999299,44.732902672133,146,5.591511186874973,Movie 210,Drama,1,2.7647277554638245
8654909,20986957,98.43921542420895,178,5.316595133024906,Movie 211,Thriller,0,2.424861659435125
38814054,73420379,40.17508839380547,139,7.1389421573858245,Movie 212,Animation,0,1.891592643221448
107388866,122327999,71.80345902324389,137,6.614646659168656,Movie 213,Adventure,0,1.13911249421332
100157604,125712942,28.909985247568184,91,3.643481000975077,Movie 214,Animation,0,1.2551512514217094
150638768,350972537,37.01715447295242,167,6.04901283806378,Movie 215,Comedy,1,2.329895163507976
159428240,418967155,19.88187277149857,148,7.412870329999485,Movie 216,Comedy,1,2.627935646783782
73073914,159196028,35.3591744814401,163,8.952448587548137,Movie 217,Drama,1,2.1785616683950995
168997441,426519956,55.17651452164367,118,6.774881003821915,Movie 218,Comedy,1,2.523824937680565
12506305,30223241,99.18551521694567,92,5.221758398647907,Movie 219,Thriller,0,2.416640326619253
155777819,136190303,66.75596959410679,120,4.3569095988127104,Movie 220,Thriller,0,0.8742599162978395
142951830,222985132,20.72534948642309,136,8.236981404919922,Movie 221,Adventure,1,1.5598620318466716
124035620,109456411,5.451182717563562,132,7.887391272681016,Movie 222,Thriller,0,0.8824594983279803
140892447,153303516,13.50929165013655,91,4.40353692467631,Movie 223,Drama,1,1.0880889590909015
143875872,384601652,56.69296492603169,92,4.203792540879441,Movie 224,Thriller,1,2.6731490600453145
41163712,69246827,76.75087255285986,153,7.290820660867054,Movie 225,Romance,0,1.6822298970510725
86447809,158925241,94.10150152277394,176,4.889712371512557,Movie 226,Thriller,1,1.8383952449274916
133863028,126649807,2.566494027685261,136,4.838392790171747,Movie 227,Animation,0,0.9461149123266508
45165849,57842975,52.75325401462511,119,3.913741482405932,Movie 228,Thriller,0,1.2806794576140923
130693942,140576419,47.6158682660945,159,4.583853118258979,Movie 229,Thriller,0,1.0756154175837775
79826934,81061490,65.9494471755947,124,5.565045345555897,Movie 230,Science Fiction,0,1.0154654067009514
50905866,106642799,56.398306592068856,114,7.397030023634493,Movie 231,Action,0,2.094901970629475
175875390,200886562,69.01687590766558,82,5.017848566482499,Movie 232,Horror,1,1.1422096178436334
141877636,295110975,66.15017589016985,84,4.971626036879056,Movie 233,Romance,1,2.080038710258747
32378291,20920796,12.584160760936674,169,4.709479515314615,Movie 234,Action,0,0.6461365116522055
198238369,169381995,80.17207344825324,90,5.869702005066258,Movie 235,Thriller,1,0.8544359795454128
37634821,44648093,13.20002499591616,150,4.083820187647892,Movie 236,Adventure,0,1.1863506139699722
103325205,205887590,70.15453189570458,135,5.913784404192754,Movie 237,Romance,1,1.9926172902342656
154651082,338624490,42.198391396420064,89,7.22505333716814,Movie 238,Thriller,1,2.1896031092753687
17887294,28741168,51.87122272308319,113,3.1787430241957333,Movie 239,Adventure,0,1.6067923968823905
120356143,194312259,90.42650342319534,146,3.058676281834571,Movie 240,Romance,1,1.6144772851353335
98935968,228669924,89.09848892087517,151,3.450737460927056,Movie 241,Romance,1,2.3112921278538456
111456008,60136393,81.96777425984793,110,6.213960370368673,Movie 242,Thriller,0,0.5395527264891813
36562619,49459171,51.504689665176,154,8.126730499112421,Movie 243,Comedy,0,1.3527250605324526
36213498,92227364,73.88774120324948,150,3.029306796121512,Movie 244,Horror,0,2.546767616870373
36703247,73701901,51.77680849636213,145,8.619967827508086,Movie 245,Horror,0,2.0080485249711013
176127900,236551716,87.09100216500296,149,3.637671069423215,Movie 246,Drama,1,1.3430678274140553
197962050,547129885,40.87480749005709,120,8.051901168349357,Movie 247,Thriller,1,2.763811978103884
122946771,298952059,97.0532990970728,142,5.89712858989768,Movie 248,Drama,1,2.4315568157540306
58805563,68346096,93.29995306465888,111,6.956144323673064,Movie 249,Thriller,0,1.1622386133774452
141621731,299278524,74.41865932572676,99,6.064097906683094,Movie 250,Adventure,1,2.1132245869809343
72244178,143720893,28.66217253343113,136,5.862289351076128,Movie 251,Adventure,0,1.989376818710568
102573977,154165588,14.03370529053258,177,8.009396570186349,Movie 252,Drama,1,1.5029697834568705
52939266,75035596,85.61564155922655,129,7.535318277406898,Movie 253,Science Fiction,0,1.4173901844426782
168485586,228955262,17.364926327658168,159,5.900413419138025,Movie 254,Science Fiction,1,1.3589011822055803
156331731,319368445,85.57181811073623,104,3.6698155763763696,Movie 255,Romance,1,2.042889456651638
87641503,140754430,49.58573566452368,91,3.692417755886449,Movie 256,Drama,0,1.6060248304961178
145639686,375700549,41.24912159700232,150,7.809236764314453,Movie 257,Thriller,1,2.5796577795423152
13984808,30403064,90.41588710460849,118,6.1763437280852,Movie 258,Comedy,0,2.1740065362356065
15764960,10638652,60.78124727148752,96,5.889534841316175,Movie 259,Drama,0,0.6748289878312409
97946087,205727974,58.08478670584206,124,7.083401048164291,Movie 260,Romance,1,2.100420550746453
51402943,60545912,56.31782851781537,90,8.153049500485562,Movie 261,Science Fiction,0,1.1778685901311137
77241446,153094861,37.74578208593361,149,6.773238866479831,Movie 262,Science Fiction,1,1.982029971318766
54777024,58998852,26.027045957561526,170,7.591623144701741,Movie 264,Thriller,0,1.0770729713246197
93649393,91384216,89.50453529964912,117,4.644499173845974,Movie 266,Horror,0,0.9758121550237918
179017694,112932809,34.41055224181492,81,7.806984403050952,Movie 267,Comedy,0,0.6308471887700665
11047453,15976727,73.2169132133347,165,5.2630727507054615,Movie 268,Thriller,0,1.44619099081028
35109026,104930389,34.42728089792423,168,3.4181441803807178,Movie 270,Romance,0,2.988701224579685
177308486,286509392,98.86364315154924,158,3.349305072452038,Movie 271,Science Fiction,1,1.6158808778052507
151255355,201763129,3.498497238978156,172,8.56202496060845,Movie 272,Animation,1,1.3339238733068326
21281689,41524565,26.01195703150738,151,6.89072948508861,Movie 273,Horror,0,1.951187473888938
192849071,139221309,52.48733205000389,116,5.277596138689994,Movie 274,Thriller,0,0.7219184841185986
72450611,210408480,52.673347344377824,128,7.530362488897097,Movie 275,Thriller,1,2.9041643278895197
128348283,267914220,59.30437441961085,131,7.033960859961848,Movie 276,Science Fiction,1,2.08740010959087
47510960,113413153,75.41594103026901,112,6.187206280917577,Movie 277,Action,0,2.3870945356608244
132437871,122663273,62.72430522141034,101,3.593240055975908,Movie 278,Horror,0,0.9261948419572524
96415947,150092901,6.297931828391286,97,8.196139144083748,Movie 280,Adventure,1,1.5567227794796228
35795514,44820736,27.27164104859557,173,8.267083866099386,Movie 283,Romance,0,1.252132767251226
114944584,193936382,20.75102617803124,143,6.937074217336122,Movie 285,Action,1,1.6872163546218062
158666402,126865292,24.47138614321667,158,4.690749885055596,Movie 287,Animation,0,0.7995725018079127
166165871,91402177,94.52190748493842,127,8.17125089409485,Movie 289,Thriller,0,0.5500658856715529
147720975,346102941,61.38421430100912,123,6.9244653177344855,Movie 290,Adventure,1,2.342950559323075
95962818,232373916,92.5277244044581,161,6.069543663879295,Movie 291,Thriller,1,2.4214995020258785
52910807,115287151,59.40484039737907,176,3.3207522756289087,Movie 293,Adventure,0,2.17889609961912
127736437,93544312,1.6370859381827754,95,5.674150741480479,Movie 294,Thriller,0,0.7323228531887107
129314487,147757081,77.479112321861,133,3.296097382184528,Movie 295,Comedy,0,1.1426181584743866
55847136,137928741,70.54634581725841,114,6.41600779144335,Movie 296,Animation,0,2.469754957532648
74150359,197367158,61.91011167495898,177,5.296375147906628,Movie 297,Action,1,2.661715474634452
93942922,166006169,51.77929431270181,81,4.833890981017101,Movie 299,Drama,1,1.7670960777651774
158319111,142211732,70.70424386081257,173,6.557896205804592,Movie 300,Thriller,0,0.8982600464450562
102164453,81131098,38.20469656876254,120,3.028274553133447,Movie 302,Animation,0,0.7941225702055097
189928103,202917903,71.10406165516191,159,3.4343363895858623,Movie 303,Drama,1,1.068393248786358
189673875,256853754,48.09309398308491,138,4.742209274916123,Movie 304,Animation,1,1.3541862525875006
79110973,114890794,67.76556552958417,148,8.293410486124591,Movie 305,Romance,0,1.4522738078319426
40501026,55316480,76.52644021988205,171,3.882089729398672,Movie 306,Adventure,0,1.3658044119672426
168381501,184821989,5.4997975431438,132,7.2653659827632495,Movie 307,Animation,1,1.0976383266710517
166363810,426426258,23.44737725628752,99,7.743405316146931,Movie 309,Science Fiction,1,2.5632152689939
156322520,187471164,67.33322124294911,103,4.457672170122264,Movie 310,Action,1,1.1992588399931117
22739356,64942862,47.36468840744754,140,8.45019156247849,Movie 311,Horror,0,2.855967512888228
146689489,393618016,77.58172144462384,170,3.5586429390503405,Movie 312,Adventure,1,2.6833416537431662
154794431,139997713,13.216680705354046,173,5.808851651224415,Movie 313,Action,0,0.9044105275337716
19877237,49011102,63.00591281396331,137,8.325251446358482,Movie 314,Thriller,0,2.465689874301946
47918818,92793279,28.56860216382768,106,6.847594255541218,Movie 315,Thriller,0,1.9364684454445436
116797711,223835619,85.44521753772855,105,5.481867388366193,Movie 316,Horror,1,1.91643840520128
158922984,234825698,92.90996705799444,86,4.756877200423013,Movie 317,Comedy,1,1.4776069017178786
106996448,187552201,99.64343107422648,121,5.2505964319101,Movie 318,Comedy,1,1.752882497557302
78633091,117395032,79.80473284030104,126,6.053650686055717,Movie 319,Horror,0,1.4929469324816445
56403796,104309319,75.61967297237246,132,4.914263579236844,Movie 320,Thriller,0,1.84933154144448
106797503,221057495,22.33457512788756,138,8.813807172493798,Movie 321,Thriller,1,2.069875126200282
158725830,346936493,34.26469884002076,117,8.59846591839687,Movie 322,Adventure,1,2.1857595137476995
144623362,264834731,47.10257163446568,148,8.224028809285924,Movie 323,Animation,1,1.8312029767362208
141071312,324965549,77.56472373044272,166,5.53097901313592,Movie 324,Thriller,1,2.303555162228873
25947744,22138488,91.58162064271887,171,7.147810616011373,Movie 325,Comedy,0,0.8531950985796685
183708911,189212136,19.72477090227548,177,8.416975842215788,Movie 326,Romance,1,1.0299562224284264
38856186,50758610,69.86684058305174,94,5.485962084121246,Movie 328,Romance,0,1.3063199254811062
49673237,27679644,61.46630233781882,175,3.674316295933564,Movie 329,Adventure,0,0.5572345526827656
2983509,3159643,6.496978248105905,127,6.462384271354216,Movie 331,Comedy,0,1.0590358534195807
118556893,343021514,57.27802495228605,174,6.855767611265589,Movie 332,Horror,1,2.89330721580229
153516645,296686816,65.50005264956035,98,8.099055627582144,Movie 333,Animation,1,1.9326035688182217
178780965,506276737,21.867363486114137,88,4.7550901220461865,Movie 334,Thriller,1,2.831826850246613
78729132,152569844,56.08916437672018,143,4.004822943300255,Movie 335,Action,1,1.9379083717066763
74214389,126044686,85.79284687349478,172,5.274034999069197,Movie 336,Horror,0,1.6983860906003012
134568263,172828607,83.67152860004698,133,5.12145074179365,Movie 337,Comedy,1,1.2843192231737437
27365210,55166275,92.80816287804342,130,3.794813724107129,Movie 338,Romance,0,2.0159273398596245
193463073,164055730,37.222695146131166,118,7.033695915078913,Movie 339,Animation,1,0.847995058984719
162398036,445888828,32.48690768254095,83,6.052151644376256,Movie 340,Adventure,1,2.745654066900169
12326237,31719487,75.19317459210006,82,7.326736536688598,Movie 341,Science Fiction,0,2.573330936278444
87343264,113007214,43.6801281046035,143,5.116146721018408,Movie 342,Science Fiction,0,1.29382861167176
62864219,181174290,9.66731773875028,108,4.954213269466214,Movie 343,Romance,1,2.8819938095468904
189652398,486079459,28.99731193637947,90,5.835455118263134,Movie 344,Horror,1,2.5630019136378124
34255876,74190253,42.43964626761743,176,8.264444072370882,Movie 345,Drama,0,2.165767210273648
184331835,148277408,29.959126122148948,137,3.2416878404038822,Movie 346,Animation,0,0.804404773597572
151118204,256233768,33.88835152378484,154,7.828996903778832,Movie 347,Science Fiction,1,1.6955850534062726
133166290,235074308,30.083814711264687,106,5.213925675946539,Movie 348,Animation,1,1.7652688829883298
41820227,45223489,5.108417551124865,176,8.127714154730867,Movie 349,Thriller,0,1.081378372240782
105436258,73796258,64.0723753816198,100,7.813218053015139,Movie 350,Adventure,0,0.699913477581877
80688895,197026876,60.13194961499346,118,5.092567484376531,Movie 351,Science Fiction,1,2.4418090742226672
88927856,71594716,65.68496634938938,174,7.163259211929696,Movie 352,Horror,0,0.8050876206888424
188276799,373866299,20.03867970732912,125,3.957796540640641,Movie 353,Science Fiction,1,1.985726871211572
13707035,38943371,30.269799619636043,145,8.377689312982728,Movie 354,Thriller,0,2.841122897840416
71560220,85470207,60.36312927753222,115,5.733753692131201,Movie 356,Comedy,0,1.1943815572394831
127960685,336360219,51.12670062607251,154,7.234554306221909,Movie 357,Drama,1,2.628621587951018
172216244,86251279,35.690911751009544,161,7.925041420229106,Movie 358,Drama,0,0.5008312630485658
37481541,20398186,91.3801694726943,144,4.418056459969257,Movie 359,Science Fiction,0,0.5442195132798836
67385640,135201396,34.63725398758554,142,6.9681008392619725,Movie 360,Drama,0,2.0063829029449005
67880548,95847031,46.10629648728791,178,5.351988263334891,Movie 361,Horror,0,1.4119955395763746
79384476,116389716,68.13326926446666,114,5.212217544023768,Movie 362,Romance,0,1.4661520975461249
126218996,241217467,54.75912165580965,110,7.140154943643928,Movie 363,Drama,1,1.9111027233967224
43058334,42173749,35.34171166007417,107,5.323099644935606,Movie 364,Action,0,0.979456125729342
113184418,116510724,44.12883425519448,80,5.076651000986446,Movie 365,Adventure,0,1.0293883739367728
184960251,316560203,79.6536009674971,104,8.015330448757455,Movie 366,Comedy,1,1.7115039652492685
174986784,417454397,28.53478639317463,122,3.6076567429860384,Movie 367,Thriller,1,2.38563386021198
56174259,115086697,15.083268737904726,163,7.055355736981264,Movie 368,Science Fiction,0,2.048744372400177
191906558,238614238,32.00315698114793,146,4.492352362743748,Movie 369,Action,1,1.2433876178426375
44369428,69919250,85.10388733330223,142,3.092989450957142,Movie 370,Horror,0,1.575842943028249
15650271,14502509,9.80998177077832,130,4.000585613236153,Movie 371,Romance,0,0.92666184502492
166943254,114618987,99.17791126387272,81,6.639969178655207,Movie 372,Drama,0,0.6865745350812439
80348896,197396354,54.55928699383859,161,7.254763148915624,Movie 373,Action,1,2.456740090118973
19992383,23260508,98.4997286527423,143,3.12634670133792,Movie 374,Science Fiction,0,1.1634685069808837
192094911,181417501,93.96064578651178,153,3.218552659810321,Movie 375,Action,1,0.9444159663344752
85574185,190748721,45.82855770688076,148,8.415252689057718,Movie 376,Adventure,1,2.229045137853197
137206901,280605837,20.65061638592956,88,3.439834908682319,Movie 377,Romance,1,2.045129180492168
37635193,78393130,17.323592879948706,81,8.365092951699427,Movie 378,Animation,0,2.082974039750507
33474983,35893099,24.758947023125792,113,4.368995482505435,Movie 379,Thriller,0,1.0722365116660402
34999533,37855979,71.3031314158892,139,7.440106800949277,Movie 380,Thriller,0,1.0816138318188415
149934423,157731998,28.022049478417298,140,4.858399493676073,Movie 381,Horror,1,1.052006569565416
92992689,86890647,34.80110169082553,110,8.152512153655103,Movie 382,Adventure,0,0.9343814866994544
199184878,426118038,45.42910159546686,89,7.202729192546148,Movie 383,Action,1,2.139309179886638
199198934,521909117,91.41003536172418,155,5.410880751610171,Movie 384,Horror,1,2.620039708646232
65785345,152016359,19.749948370599764,115,3.4578147250444773,Movie 385,Horror,1,2.310793672967741
18882750,46833640,1.4976287083705082,164,7.396201103224842,Movie 386,Science Fiction,0,2.480234076074724
79725274,120544301,6.949544627438845,128,6.701308535791089,Movie 387,Romance,0,1.5119960704054778
11192257,15507886,65.10413001949294,128,3.056519135834672,Movie 389,Action,0,1.3855905917814433
44167705,80109685,28.031021313452868,82,7.852757839156164,Movie 390,Thriller,0,1.8137615481719047
156348071,266430733,18.54205760010792,153,4.556398432811124,Movie 391,Adventure,1,1.7040871134252753
41869792,39450465,30.13240692707432,84,6.816802006368394,Movie 392,Adventure,0,0.9422178404898692
50913224,74725181,12.36489579787673,169,5.725286518591485,Movie 393,Animation,0,1.467696899336015
65356138,190157323,94.21175811815966,140,8.180580087130604,Movie 394,Animation,1,2.909555687026672
92959541,104249537,78.63641126216142,164,8.501766678614931,Movie 395,Comedy,0,1.1214506427048732
188225564,157075991,46.77672651434153,169,8.980846276073123,Movie 396,Horror,1,0.8345093390183705
193332313,298979055,86.631297906405,105,3.9221048148434807,Movie 397,Animation,1,1.5464515494624016
27658609,68478410,25.69636222503,151,8.177784278852853,Movie 398,Science Fiction,0,2.475844320298248
165241932,323109211,71.99493627874716,84,4.596128260372811,Movie 399,Thriller,1,1.9553705714358265
83008891,182821858,85.7571174023606,94,6.544895249373046,Movie 400,Drama,1,2.2024370618323283
49715257,48434448,36.32010245070399,95,6.034637003215265,Movie 401,Romance,0,0.9742371039135934
23268806,47639866,75.98898009962105,80,3.107928789434326,Movie 402,Thriller,0,2.0473704581146106
7512440,9831913,30.212162577166627,95,8.596627679436569,Movie 403,Horror,0,1.3087509517546896
13431395,34730342,30.586856390644048,116,3.469962330895311,Movie 404,Animation,0,2.585758366871051
30093907,62392102,11.59866067686442,82,7.129313516446415,Movie 405,Romance,0,2.0732469865079333
108219264,107909832,44.56574660443047,131,7.710041017249573,Movie 406,Drama,0,0.9971406939156416
37253447,24644708,73.2414787432448,126,7.771727094286105,Movie 407,Action,0,0.6615416823039221
63134783,38296487,94.0818597515572,174,3.8129671135730687,Movie 408,Thriller,0,0.6065830146276102
94560813,135082146,60.77590220098051,92,5.685419703047833,Movie 409,Animation,0,1.4285214108723874
197678031,230221338,86.45041823583817,159,7.976573222603879,Movie 410,Drama,1,1.1646278386898743
65447435,138436070,82.42697027973249,134,4.816075262272528,Movie 411,Adventure,0,2.1152252949256147
50895282,88981981,18.16096224455281,100,5.8064920522479815,Movie 412,Romance,0,1.7483345705796465
110500886,128738857,49.09592546235052,145,4.636763356199075,Movie 413,Thriller,0,1.165048187939416
119613134,104433562,12.575430017013757,133,5.781308507311945,Movie 414,Animation,0,0.8730944379402349
3503771,2866082,68.53316299460187,106,8.327027535557281,Movie 415,Action,0,0.8179992356806424
71286689,189740285,95.04006715636152,117,5.730745386196617,Movie 416,Thriller,1,2.661650971052955
136213889,151019646,14.571856349796894,169,6.335472102445922,Movie 417,Romance,1,1.1086949143636886
5183839,11037827,73.65442994945158,137,5.423857699818502,Movie 418,Horror,0,2.129276584400094
68775190,173775291,63.59157693591823,141,5.760703099219953,Movie 419,Romance,1,2.526714808057964
155370901,316211367,58.77689866380187,125,3.0910451942785304,Movie 420,Adventure,1,2.0352032778647526
68227698,180729241,39.621903234145584,168,4.702473059762736,Movie 421,Action,1,2.648913070465898
130027769,375852479,5.479669712869898,151,6.802781855956374,Movie 423,Comedy,1,2.890555470501074
184157310,153377719,22.57296211694933,87,5.700311583323353,Movie 424,Drama,1,0.832862507602875
191442685,144610793,2.502511346395863,176,5.026902259929384,Movie 425,Horror,0,0.7553738237634935
114531029,327224066,11.479470351912976,143,4.453759975202799,Movie 427,Science Fiction,1,2.857077849182688
122690425,309450851,87.42892000894189,100,8.546965696644317,Movie 428,Romance,1,2.5222086483113904
131997589,91215897,52.79115904901936,151,6.130459354745487,Movie 429,Action,0,0.6910421447167493
2079600,2492232,70.26930099681213,142,3.0804567232327384,Movie 430,Action,0,1.1984189267166765
161409267,456109856,41.67485209220915,164,3.11667755051728,Movie 431,Science Fiction,1,2.8257972077898104
167793897,190051100,56.49740109110382,143,8.837769809712249,Movie 432,Comedy,1,1.1326460818774595
44381573,108864716,94.32325851969642,99,4.32870534823947,Movie 433,Science Fiction,0,2.4529260375696915
160267818,410739250,9.190669922743403,87,7.833649732885888,Movie 434,Horror,1,2.562830486654532
9849851,17125248,26.13983942044592,137,3.349651809363447,Movie 435,Comedy,0,1.7386301579587349
61779108,90560281,78.21884436414389,125,8.526976420167294,Movie 436,Thriller,0,1.4658722654266876
96534048,156897857,10.77498348138392,110,8.24650202200007,Movie 437,Action,1,1.625311071592067
67009351,71526567,8.490449286506975,172,6.426558974607088,Movie 438,Adventure,0,1.067411725864947
86871668,236593014,36.792598476649815,88,3.0539919436995344,Movie 439,Action,1,2.723477279151587
93526139,152124861,10.1246278887708,94,4.546865244140026,Movie 440,Science Fiction,1,1.626549140449388
122637867,331876292,58.9227657784141,173,5.44093588439079,Movie 441,Animation,1,2.706148599273991
120193195,91855690,23.401249830843383,105,5.76038470048537,Movie 442,Drama,0,0.7642336989211411
85890726,255154564,89.67409835673786,89,4.786072551374232,Movie 443,Comedy,1,2.970688174180761
99129091,159417691,78.56650800368041,108,3.19768720947318,Movie 444,Science Fiction,1,1.6081827180277484
127800645,79182346,70.27081540384815,159,6.540764435559253,Movie 445,Science Fiction,0,0.619577045170625
30549535,18178641,62.07745871106569,115,6.144928006168536,Movie 446,Drama,0,0.5950545892106051
135667123,320923040,86.48310730380487,163,4.698003812574466,Movie 447,Horror,1,2.3655181366232703
157138845,337469629,23.08314409273293,116,3.227855805417639,Movie 448,Drama,1,2.1475888345749263
52592034,40149749,79.15973754398118,150,5.891917120958436,Movie 450,Action,0,0.7634188287906872
54386038,32029415,75.06792181238087,102,7.536025450644463,Movie 451,Romance,0,0.5889271617836916
166748531,244951604,25.37817193608941,172,3.2590217451776486,Movie 453,Adventure,1,1.4689880776221051
34266319,56706212,42.931243683197735,159,4.857604470513,Movie 454,Science Fiction,0,1.6548673348893996
165720908,493677782,79.56349479934136,107,4.920660846035407,Movie 455,Science Fiction,1,2.978971017947838
138597297,405656948,4.14606995137512,127,8.030117424294096,Movie 456,Horror,1,2.926874887033331
71009467,202788017,78.42302615711206,117,6.925379867999246,Movie 457,Thriller,1,2.8557884683178933
117372585,288690395,24.76700330826908,110,4.652579421836837,Movie 458,Science Fiction,1,2.4596066875412177
45910237,63682245,15.2866108714387,93,8.806439727954515,Movie 459,Animation,0,1.3871033817577547
177383634,271455022,12.454430499849911,176,4.929250994387228,Movie 460,Adventure,1,1.5303273243347806
103310007,266161304,52.83506203692384,170,8.97698215902158,Movie 462,Romance,1,2.576336133633212
90473854,60778713,22.60772739667922,167,4.147263106480451,Movie 463,Comedy,0,0.671782070873205
7319707,11424175,98.95374481218352,156,4.876446697130401,Movie 464,Adventure,0,1.5607421171366558
69532150,49127534,57.86923883134837,169,5.916265190907925,Movie 465,Romance,0,0.7065441525970361
4695961,8390010,14.650641666245033,108,6.984604026887346,Movie 466,Science Fiction,0,1.7866438839675205
109880612,301869737,69.18749154032517,130,6.168284694022796,Movie 467,Thriller,1,2.74725205389282
109011636,267755722,89.8766130844628,128,8.816648814793542,Movie 468,Adventure,1,2.456212307464132
79911293,85473601,74.77277004159183,122,7.343934985414149,Movie 469,Romance,0,1.069606031778262
101846358,299425962,8.567546242905319,171,4.272269096297847,Movie 470,Action,1,2.9399771172966243
37396424,81089508,89.6925339380733,171,3.6305853012818297,Movie 471,Thriller,0,2.1683759923141315
5294539,2785294,79.5990092001365,151,7.13040774425614,Movie 472,Horror,0,0.5260692196242204
146826804,167167266,16.672086110455822,166,3.950714641084578,Movie 473,Action,1,1.1385337107794025
173716665,200083944,6.12680298454887,172,7.726061042014525,Movie 474,Comedy,1,1.151783244284594
21840174,63327032,16.447545322657714,121,4.961359578333639,Movie 476,Science Fiction,0,2.899566276349264
2043233,3464584,83.62450430693194,86,3.064790354337072,Movie 477,Action,0,1.695638236069993
135747253,371884553,36.4751310104957,121,7.206067602570244,Movie 478,Comedy,1,2.7395364899207206
117376111,153239062,91.37635202892096,115,3.6796185183881134,Movie 479,Thriller,1,1.3055387565192034
152171559,123728248,57.00312904195957,106,7.637283464781109,Movie 480,Thriller,0,0.8130839219436531
129565108,218426077,19.084566039727147,137,5.951206931503241,Movie 481,Adventure,1,1.6858402726758812
57996736,45521150,14.820287868620207,125,7.705678889727414,Movie 482,Animation,0,0.7848915842436375
75583311,129628307,58.07077131821764,145,6.503559235186447,Movie 483,Comedy,0,1.7150387471117798
72709884,203641695,76.42647757438195,104,3.4945996321139443,Movie 484,Adventure,1,2.8007429498856027
138917119,250317584,78.36905912647603,152,7.593914020231098,Movie 485,Science Fiction,1,1.8019203522353495
192555830,171682025,21.22042913230458,80,5.8722103234159935,Movie 487,Thriller,1,0.8915960893004382
16192217,9866550,2.658874144745859,166,4.03409528486978,Movie 488,Animation,0,0.6093390423312632
187713743,145857314,68.24071596891577,153,7.51401106786731,Movie 489,Action,0,0.777019900988283
145510386,290486594,8.580257584920359,121,8.46954736683676,Movie 490,Science Fiction,1,1.9963289355853957
34698788,25591371,42.655358974826655,131,6.324756980149646,Movie 491,Drama,0,0.7375292474192471
62819576,90459072,60.56653423781131,104,6.162883765795083,Movie 492,Comedy,0,1.4399822119143242
126838555,186659675,31.86841155862109,146,3.030472877854363,Movie 494,Science Fiction,1,1.4716319891849918
198579844,180550681,25.72744408220546,85,8.506551855810965,Movie 495,Comedy,1,0.9092095016450914
136965742,162232944,65.76185527432375,137,4.18469290254679,Movie 496,Adventure,1,1.1844782617247458
175928880,496259099,62.30466417330459,149,8.904713302957424,Movie 497,Action,1,2.82079382873352
185514285,406268063,33.87886854750433,132,7.417523687762773,Movie 498,Horror,1,2.189955684544724
181433853,315716603,92.88208171546889,145,7.645506886204027,Movie 499,Romance,1,1.7401195960932383
70397491,37436486,84.64137042147364,137,6.937217882241639,Movie 500,Romance,0,0.5317872195189456
158512907,472533078,23.174272040643032,161,5.829979096710962,Movie 501,Horror,1,2.98103849675787
74706383,162758115,24.6751119980178,166,6.429766160166993,Movie 502,Thriller,1,2.178637332769812
152759065,197411485,51.71773434182098,81,3.2784173160907537,Movie 503,Science Fiction,1,1.2923061881794051
58399769,157572601,77.58363807134131,155,6.743757056592086,Movie 504,Horror,1,2.6981716485899114
155497574,178212512,5.359997559457975,101,6.756588611922281,Movie 505,Science Fiction,1,1.1460790507252543
146188451,271916578,69.64018021973595,116,8.347204784410856,Movie 506,Horror,1,1.860041447460169
117710653,246036088,65.1753538408276,99,6.033938144581317,Movie 507,Horror,1,2.090176901830627
107402148,113057776,23.916529495385834,103,3.4628662445163663,Movie 508,Adventure,0,1.0526584254162217
101952086,300350151,68.45394831089352,163,4.837175522892487,Movie 509,Adventure,1,2.945993189388984
51018037,120937224,94.07813593395618,144,6.933776472685905,Movie 510,Action,0,2.370479757972656
51166883,48684598,32.64555347391419,160,4.683166931132406,Movie 512,Thriller,0,0.951486491760696
195579233,124123483,44.37949494996917,80,7.922814098165121,Movie 513,Horror,0,0.6346455147413325
47787763,62131240,90.02677553354427,173,6.505918390576254,Movie 514,Comedy,0,1.3001495801341445
66732489,159021408,96.26388321430652,82,6.051164590641435,Movie 515,Adventure,1,2.3829683319619623
4693305,5506787,44.9674094031369,125,4.910711800834826,Movie 516,Animation,0,1.1733281770522053
14470137,26753699,75.25281280207693,134,7.3855682155982,Movie 517,Drama,0,1.848890511541114
189934912,146223155,54.24051053939628,167,7.4223811058650515,Movie 519,Comedy,0,0.7698592821102842
170124855,376527991,28.531851991569287,165,3.420608881604652,Movie 520,Thriller,1,2.2132450370053216
145713028,106323477,22.47866834052408,143,8.187248049492503,Movie 521,Drama,0,0.7296772187041505
163927107,477490869,29.512529246480074,124,5.997398780255597,Movie 522,Drama,1,2.9128243506426306
35654999,61361730,56.07647271845085,105,5.63104810019382,Movie 523,Horror,0,1.7209853238251387
28451727,24943352,3.8863634161868106,156,6.666140469251547,Movie 524,Science Fiction,0,0.8766902620709105
75815222,102802339,90.81764549128415,144,6.745152437377623,Movie 525,Science Fiction,0,1.3559590843115912
29997889,46002996,16.472087245427844,103,3.792211061339973,Movie 526,Thriller,0,1.5335411101761194
49978079,101448066,71.30136186739065,103,8.429771281019484,Movie 529,Drama,0,2.029851247383878
12726298,9733413,10.477176419695333,107,7.907103980488995,Movie 530,Horror,0,0.7648267390878322
57564401,42274852,96.89878595186136,159,7.846435759204287,Movie 532,Animation,0,0.7343922852597736
47673570,92626502,26.971953711313624,95,5.138342995799425,Movie 533,Comedy,0,1.9429319432129797
79547323,214208698,31.99196436125154,138,3.605686089816244,Movie 534,Romance,1,2.6928460936391283
16033888,25405716,83.81335057118531,160,8.771329432354248,Movie 535,Science Fiction,0,1.5845012762968034
196922610,373189182,46.99670371208811,158,5.73659715997555,Movie 537,Action,1,1.895105808317288
35958762,90953392,38.58205968071535,95,5.386640109186238,Movie 538,Action,0,2.5293805164927536
18028708,42444629,32.34208923095646,94,4.948232005549584,Movie 539,Science Fiction,0,2.354280129225012
5035851,13615062,29.28425981043169,177,8.888685572574776,Movie 540,Action,0,2.703626854726242
48685442,58167187,10.04603638118051,90,3.808483590785445,Movie 541,Adventure,0,1.194755241207423
35045504,34515779,32.16775710581324,144,4.88883035352341,Movie 542,Adventure,0,0.984884651680284
102750176,277378334,5.262187868851188,158,5.912985841695981,Movie 543,Action,1,2.699541205652047
114751207,246015202,78.31542250079909,169,5.867997270325868,Movie 544,Adventure,1,2.1439007783159965
131355017,167782695,40.42455160184316,147,5.828198906447061,Movie 545,Adventure,1,1.2773223195578438
83396202,196470620,44.94647939967125,122,4.054702894982291,Movie 546,Science Fiction,1,2.355870115044328
36610155,92909103,89.46586405856303,148,3.8695951626570033,Movie 547,Adventure,0,2.537795947599785
103912284,211715625,66.14744340226085,178,4.52860551797172,Movie 548,Animation,1,2.037445592091884
30469068,67632503,1.797851230869859,92,8.487156922812336,Movie 549,Science Fiction,0,2.219710264849585
117346891,168762403,94.3743074731672,89,3.678317807007061,Movie 550,Action,1,1.438149758905841
165402782,305455796,24.47730213179341,154,7.544550620239949,Movie 551,Romance,1,1.8467391679058944
10702701,19376147,11.653804291226026,161,7.545290358800228,Movie 552,Thriller,0,1.8103978612501648
79262145,207676289,77.04468965970734,177,7.858622423383574,Movie 553,Action,1,2.6201194656036626
168345404,437682891,50.5472542708051,120,8.319692933936132,Movie 554,Horror,1,2.5999099506155807
138193970,356775534,43.943286035783736,129,4.578217065233582,Movie 555,Action,1,2.5817011697398957
104312086,55032869,25.700804888591435,166,4.347356815613378,Movie 556,Thriller,0,0.527579028570093
38317456,90960418,55.199677496369546,150,5.793033999164878,Movie 557,Action,0,2.3738637032688183
132952729,318646605,28.16407591505616,138,4.590535012512217,Movie 558,Romance,1,2.3966909697656527
28812615,63270977,90.2567175234197,118,7.405859933898645,Movie 559,Animation,0,2.195947053052977
45653148,109141229,22.305243493586087,82,6.815637460448602,Movie 560,Romance,0,2.390661625349472
140050905,364822233,88.5511598951196,155,8.24992612831591,Movie 561,Comedy,1,2.604925923184859
100952217,169175486,56.38113714700834,86,3.4964298209224296,Movie 562,Horror,1,1.6757976300807738
121794109,213763950,83.02032525562886,128,8.49050000014845,Movie 563,Drama,1,1.755125529100919
9454561,7675072,71.57175359023455,105,4.760091760020537,Movie 564,Comedy,0,0.811785126776378
46932658,68683115,69.97281603223811,112,5.944166075561904,Movie 565,Animation,0,1.4634397011991096
24151417,59195109,24.155796215748143,158,7.561869906626543,Movie 567,Horror,0,2.450999417549703
40673332,42423210,21.877736540398026,81,5.521999856591055,Movie 568,Action,0,1.0430227353883867
154917041,130836309,85.86197404889928,150,8.661318873896455,Movie 569,Action,0,0.8445572427374209
17934380,38695308,82.22225520564298,111,8.415203295831454,Movie 570,Horror,0,2.157605002235929
11617244,5863219,44.61677927321843,83,8.232966911817039,Movie 571,Science Fiction,0,0.5046996516557628
169303991,160149971,14.108056736149006,99,3.427549995889368,Movie 572,Romance,1,0.9459314576937528
185451800,106204249,38.84297294576838,115,8.125548369323637,Movie 573,Science Fiction,0,0.5726784479848672
130195004,119416523,62.31500195955423,111,7.689812672659263,Movie 574,Drama,0,0.9172127910530268
138587448,132115164,45.98591229351533,107,3.621077682036786,Movie 575,Comedy,0,0.9532981947975548
3640328,5348311,78.2387375798165,156,3.644485952617331,Movie 576,Thriller,0,1.4691838207985657
26856919,40441626,99.76465940288716,80,3.606982869105247,Movie 577,Horror,0,1.5058177745555996
58658082,157535440,19.922076756440788,139,3.067995559226925,Movie 578,Animation,1,2.6856561726651758
190613154,338390629,46.50543114629768,135,6.291805831167501,Movie 579,Drama,1,1.775274276191873
162566703,375287170,43.66740629016138,114,8.84036574861626,Movie 580,Adventure,1,2.308511909723604
12552291,9544051,31.144760742146133,109,5.632108217398761,Movie 581,Comedy,0,0.7603433508671843
114442790,258338416,7.503519532476263,115,8.807818780619733,Movie 583,Thriller,1,2.2573585981257533
78498463,49611805,88.82481240514615,134,4.531093372645384,Movie 584,Romance,0,0.6320098904356891
122562775,210378286,42.56502107094544,168,8.150821515589577,Movie 585,Comedy,1,1.716494147590898
198193764,396074860,50.19265633150484,159,6.278342803270417,Movie 586,Animation,1,1.9984224125235344
4741196,9507824,91.77726277189066,137,6.4168590879780645,Movie 587,Animation,0,2.005364047383825
20511512,11431722,77.85275727407884,162,5.059043143243701,Movie 588,Adventure,0,0.5573319997082614
175478184,229046411,13.919625147601238,144,6.3695061658014485,Movie 589,Animation,1,1.3052700100885477
12720477,26601400,56.976576793166494,148,3.438855056869704,Movie 590,Comedy,0,2.091226610448649
119338832,104123052,44.78297537543635,130,7.587861435684673,Movie 591,Animation,0,0.8724993386896899
148435376,332278396,79.92389618529752,101,4.70812656926563,Movie 592,Comedy,1,2.238539120216194
60946863,180093285,69.35016646919613,132,5.207104167644751,Movie 594,Drama,1,2.954922962975141
63784216,65353625,34.713938712509794,179,3.856944662921296,Movie 595,Adventure,0,1.024604974371716
33425301,85663252,80.6914093095262,115,7.175289446210909,Movie 596,Comedy,0,2.562826644403292
89146618,160530009,6.186738263891261,147,3.987468868281017,Movie 597,Horror,1,1.8007414369886696
161996370,232247147,16.802865241784556,115,7.522083093257942,Movie 598,Romance,1,1.433656488722556
61995760,49964980,34.22670402481326,131,8.8086734184367,Movie 599,Adventure,0,0.8059418902195892
47547339,111202005,8.603936665858846,132,7.67731721277157,Movie 600,Drama,0,2.338764005279033
131489576,187840091,83.1849473167939,129,6.599314728316648,Movie 602,Drama,1,1.4285549981543784
124637835,312020511,31.15563322164486,120,7.952749954777711,Movie 604,Adventure,1,2.5034172889797066
183128904,442525742,27.187064594894984,97,3.336013853634001,Movie 605,Horror,1,2.416471307008969
83896667,104754114,28.49418964773354,145,6.212225235830366,Movie 607,Action,0,1.248608767735672
54953229,51309840,4.557088036411326,100,4.014749175865068,Movie 608,Comedy,0,0.9337001834778444
57294783,119968581,92.7647182867797,179,4.934698858263898,Movie 609,Thriller,0,2.0938831551207726
194363507,338273349,22.156116015462512,123,5.641330357536991,Movie 610,Thriller,1,1.7404159567876083
47977874,45369372,42.58040333405909,126,7.999258127746809,Movie 611,Comedy,0,0.9456311465572652
30365614,67253099,1.9590013913558064,118,8.576445396421242,Movie 612,Drama,0,2.214778169807467
90268367,268802594,85.93755400059067,108,6.770536973506037,Movie 613,Adventure,1,2.977816071492686
126430852,297108199,94.7288474821966,169,4.524186106793916,Movie 615,Drama,1,2.349965964003786
186588834,536588788,78.37993244044351,164,8.892811106616904,Movie 616,Thriller,1,2.875781880924343
172544971,173811609,32.05694469315446,96,8.89811998845815,Movie 617,Adventure,1,1.007340915198276
70426200,134786937,25.53946251411394,159,8.549861689410209,Movie 618,Action,0,1.9138749073498216
109352980,322494709,70.073914447776,139,7.714014899266916,Movie 619,Adventure,1,2.949116786757892
11198499,10226864,37.04716472603944,110,4.95467726247371,Movie 620,Horror,0,0.913235246973724
38342772,86295389,57.05528655950904,152,7.902002900985784,Movie 621,Action,0,2.250629897076821
179580630,352790702,1.6194896316205527,174,5.452758103627035,Movie 622,Romance,1,1.964525361114949
135415503,266253654,7.126684466367049,157,4.960638588930271,Movie 623,Romance,1,1.9661977255292549
171158648,384110227,54.00142617698347,128,7.469192150797677,Movie 624,Adventure,1,2.244176566526747
124291756,351005177,57.04109299836834,81,3.4779235657225374,Movie 625,Comedy,1,2.824042304141233
158832377,390164562,75.39384150147502,127,3.2913763397739704,Movie 626,Horror,1,2.456454844845645
18310852,11725175,14.064566642772212,93,5.687722183087113,Movie 627,Action,0,0.6403402201055418
198206748,210862907,20.25031679873717,176,8.37386491838301,Movie 629,Animation,1,1.0638533204732263
165991210,239406700,10.226415836706774,178,3.7569185777269007,Movie 630,Action,1,1.4422854077634593
79733130,131905071,41.639083611994906,137,3.739703564714477,Movie 631,Action,0,1.6543320323684771
134796590,229459517,17.170328160816666,137,3.884715602849407,Movie 632,Horror,1,1.7022649979498738
78273675,124294760,22.95641584103954,130,3.178417567767616,Movie 633,Science Fiction,0,1.5879509937408711
3276360,9315947,32.43790340708067,163,3.43039042688945,Movie 634,Horror,0,2.8433832057527257
50437769,114243943,26.679451673576427,81,6.959219200974234,Movie 635,Science Fiction,0,2.2650475083463744
106071545,220408886,9.671538443188693,120,5.589505974705055,Movie 636,Animation,1,2.0779266107606897
166883132,104236050,9.901708241110526,162,7.581618402528082,Movie 637,Animation,0,0.6246050679346071
112586533,310714436,20.131692108182648,161,8.955586311489961,Movie 638,Comedy,1,2.759783321509687
93800518,260153436,6.0053596079943565,95,6.954208086594008,Movie 639,Horror,1,2.773475472704745
58849484,144212582,63.01924494801579,83,3.3027334237207424,Movie 640,Action,0,2.4505326503797384
151652071,78491018,29.445344934381293,91,3.627377188526049,Movie 641,Science Fiction,0,0.5175730043277813
45079273,28995016,28.694850809138032,108,8.286024508888246,Movie 642,Romance,0,0.6432006123967439
93992904,99920026,33.86783112953875,86,6.1649756673495695,Movie 643,Horror,0,1.0630592496642086
73571674,110143422,87.19275426686556,91,8.139674017349556,Movie 645,Action,0,1.4970900621345111
81497273,228726794,76.1496063230082,178,8.566047248997116,Movie 646,Drama,1,2.806557637824274
93792001,157584732,73.0253937922844,84,8.698975232918194,Movie 647,Action,1,1.6801510823934762
81954884,43723468,48.95472737448408,160,6.3289547790198375,Movie 648,Action,0,0.5335065570954868
58235484,70282322,69.68675013977376,111,5.0461210335362034,Movie 649,Thriller,0,1.206864220446764
96939748,59277421,55.72347443532473,153,8.771189246087992,Movie 650,Thriller,0,0.6114872611387436
197400549,116608266,22.40880229046636,122,6.284438436007352,Movie 651,Romance,0,0.5907190562068801
81768647,97247421,21.65024840636402,160,3.3855163377276662,Movie 652,Romance,0,1.1892996223846042
24020885,28561573,30.34280868065306,148,6.856659300359191,Movie 653,Thriller,0,1.1890308371236114
2286643,5643015,91.16946442601152,124,6.5261085023700645,Movie 654,Thriller,0,2.4678163578660945
42869822,125912381,55.19406919759286,88,8.374757237368236,Movie 655,Thriller,0,2.937086629377654
141418374,201947946,73.65663232318508,128,6.919123134946875,Movie 656,Adventure,1,1.428017734102925
127223660,200023226,35.309317221838214,112,5.094314546769308,Movie 657,Romance,1,1.5722171960781508
15509187,40509586,41.3638612958573,179,8.797354354234923,Movie 658,Romance,0,2.611973535427744
162998627,190765043,13.430992285087886,179,7.809716915892201,Movie 659,Science Fiction,1,1.170347545320121
89825083,236484657,82.90829892778841,88,4.757551220418737,Movie 661,Science Fiction,1,2.632724057711141
91197406,56200535,58.89902453719933,141,5.241241777885773,Movie 662,Romance,0,0.6162514644331002
190695762,390783023,34.41571412249807,136,7.01981954457994,Movie 663,Adventure,1,2.0492485984035658
117595132,224016623,80.48226969055905,108,3.4318849107799303,Movie 664,Romance,1,1.904982112694937
13831595,18877376,25.405470658160315,157,4.540083549901581,Movie 665,Animation,0,1.364801094884574
76524262,98561244,97.62723716142018,104,7.283405600379588,Movie 666,Romance,0,1.287973793200384
135666073,329620303,35.13694316687081,94,5.880111059067725,Movie 667,Science Fiction,1,2.4296443149791767
77246546,55313279,34.39378446097153,85,5.414361388886581,Movie 668,Drama,0,0.7160615181421833
16814828,18361132,31.879278648133816,121,3.908745734402487,Movie 669,Drama,0,1.0919607384625047
49763532,116004855,13.089040076504505,108,5.651094206866396,Movie 670,Action,0,2.331121814263505
130716977,244545511,12.00257758586923,158,7.6241518245614035,Movie 671,Romance,1,1.8708014567992957
134833947,110559861,65.16239841887821,172,4.584077076431358,Movie 672,Horror,0,0.8199705152887055
39538877,106966067,87.63668641124666,83,3.0323912531020643,Movie 673,Horror,0,2.705339026194396
74851335,111050908,79.26153051689568,161,7.011029406905897,Movie 674,Adventure,0,1.4836196041126053
104982440,259231305,55.012630057414576,128,6.640959381531498,Movie 676,Horror,1,2.469282529535416
90630668,186795572,11.45356305168736,123,3.719531153562781,Movie 677,Action,1,2.061063612595242
106967805,185717805,5.484169717694667,159,4.924398554068039,Movie 678,Thriller,1,1.7362028228961042
109331512,322405192,65.98220007909195,154,8.20584968832134,Movie 679,Animation,1,2.948877099586805
173721659,149819761,53.98008103435468,93,4.395408445540971,Movie 680,Science Fiction,1,0.8624126770513975
154382256,357069070,9.120344835935615,82,6.6461754209856485,Movie 681,Science Fiction,1,2.312889312875438
88580056,86629235,4.458985394192856,141,5.416027249523987,Movie 682,Science Fiction,0,0.9779767468198484
122848736,165312355,98.98588492752413,143,4.247062328517894,Movie 683,Science Fiction,1,1.3456577607766351
156030437,198431218,3.972111882758116,124,7.880441361388078,Movie 684,Science Fiction,1,1.2717468579543874
111477445,319671603,45.008297051965805,161,7.456987658794142,Movie 685,Drama,1,2.867589968535788
53203051,155267275,50.957283436161866,137,6.969546395755593,Movie 686,Science Fiction,1,2.9183904321577345
174519532,167109190,12.61073463224406,99,4.418019541612507,Movie 687,Drama,1,0.9575386094892806
140066015,77748950,17.73711606553191,137,3.5871420162987,Movie 688,Animation,0,0.5550878990881549
186370428,428655730,35.8286956346249,168,6.456955978955797,Movie 689,Adventure,1,2.300020097609048
44750190,69137917,76.4059117451526,136,6.3220670012366,Movie 690,Action,0,1.544974825805209
70334164,50788342,51.201159981966406,156,4.130310056009238,Movie 691,Horror,0,0.7221005996459985
187404943,414049719,64.15228558074318,147,3.337480165891035,Movie 692,Science Fiction,1,2.209385261518956
119975349,223485739,98.5322809539768,157,3.484250725163916,Movie 693,Thriller,1,1.8627638165903564
190475579,562149062,77.03253809600776,176,8.956625919076401,Movie 694,Comedy,1,2.951292049885303
49518372,52911556,44.00178831598056,171,7.701503368457303,Movie 695,Science Fiction,0,1.0685237390276077
13842659,20901649,45.19775025785832,131,8.531924855791036,Movie 696,Animation,0,1.5099446573089752
34978002,64931921,62.2584356270595,116,4.17032833341818,Movie 697,Drama,0,1.8563644944614048
137590867,341122153,66.87115563347153,87,8.763411217940611,Movie 698,Drama,1,2.479249970857441
56553464,105873550,50.57038165783046,123,3.8559261088389727,Movie 699,Comedy,0,1.8720966411535815
100204497,203640629,64.84126105868302,177,6.054490971398827,Movie 700,Adventure,1,2.0322503989017577
178018926,189655601,3.329716946995778,84,7.978174106502384,Movie 701,Thriller,1,1.0653676283835125
19892008,52063289,43.53266352578757,148,5.098820127069477,Movie 702,Adventure,0,2.617296805832775
126881648,199404199,28.6148695312742,110,5.548971199061403,Movie 703,Drama,1,1.571576363825287
36427853,31051067,13.788270079067928,124,3.769110661794587,Movie 704,Action,0,0.8523990420187542
192100046,415026345,10.855104768068738,88,3.7375312799938367,Movie 705,Comedy,1,2.160469784582977
74190814,77175223,60.71602439585208,111,6.717409348671957,Movie 706,Comedy,0,1.0402261255685912
11986868,8917106,52.83645416810856,112,7.05319421172034,Movie 707,Comedy,0,0.7439062480708055
41480309,110128862,26.10482758264055,146,7.66399508449316,Movie 708,Animation,0,2.654967252052052
94691765,156279825,47.624055818478936,109,6.340092316090521,Movie 709,Comedy,1,1.650405660935774
40521538,96166090,49.73099920305842,155,6.874555753567836,Movie 710,Horror,0,2.373209279470093
113347791,139017540,20.305889063422963,108,3.0811036301983203,Movie 711,Thriller,0,1.2264688951900262
196190712,484085933,65.55721312628341,82,3.973024362823129,Movie 712,Drama,1,2.467425333570328
173891082,135607189,78.31101628222295,169,8.909488596101427,Movie 713,Adventure,0,0.7798398137519209
133985867,186231436,79.35489054806239,136,3.4559610378949905,Movie 714,Adventure,1,1.3899334323074537
92063625,271141603,60.64451323964205,109,7.07272933356147,Movie 715,Adventure,1,2.9451545385053
56454431,140287809,51.65221966938239,88,4.056495798190298,Movie 716,Science Fiction,0,2.484974279521124
66557447,116018936,7.039707157534094,105,7.300311514605852,Movie 717,Action,0,1.7431398172468966
84845477,114494192,29.49529858630898,81,7.235942417771961,Movie 718,Drama,0,1.3494436715819278
191078359,355810718,96.4184929269689,82,4.617806395315225,Movie 720,Romance,1,1.8621193936462477
100471732,240736553,14.37293447635031,125,6.92862428161253,Movie 721,Adventure,1,2.396062536276373
118601287,282895997,16.0257655752591,147,5.340516232681281,Movie 722,Science Fiction,1,2.385269200324951
192898745,105103619,89.06808521471872,104,4.167287818199467,Movie 723,Drama,0,0.544864192869684
3667867,2991638,94.44890006416932,130,7.390077592724891,Movie 724,Romance,0,0.8156342637287557
94837987,203813796,76.81707488425607,92,3.924885146018005,Movie 725,Adventure,1,2.1490734087386314
113521305,102628882,1.5350874435943171,123,8.133861984869679,Movie 726,Romance,0,0.9040495262100802
57987271,66032040,1.1332808246998065,114,6.088017144310966,Movie 727,Horror,0,1.13873336098193
176459001,505836469,38.43197620895763,134,3.634203623275804,Movie 728,Horror,1,2.866594881153158
91864817,218346480,2.820228073008132,88,6.114978237447243,Movie 730,Animation,1,2.376823762681637
69452891,131609884,46.94260225104596,81,4.788345430768857,Movie 731,Drama,0,1.8949518458490089
66432283,124977993,94.3631278432902,140,5.5352362813431295,Movie 732,Action,0,1.881284028730429
159461992,117265123,33.05813791534071,120,4.790026461524993,Movie 733,Horror,0,0.7353797699955987
43734307,59441832,66.45292716444095,123,4.578155014456704,Movie 734,Drama,0,1.3591579717954605
68606426,82744649,65.57129996011163,143,3.981650525062273,Movie 735,Horror,0,1.2060772412193574
46791733,69103009,25.85693026285161,110,5.176602798824855,Movie 736,Thriller,0,1.4768208948362738
139795966,348911225,65.39209963356257,126,4.5059232378964245,Movie 737,Comedy,1,2.4958604671038933
156032720,223100524,22.021063454402235,81,7.100606922323502,Movie 738,Romance,1,1.4298316660761925
156506676,233735439,70.43694527040932,161,6.011041455333831,Movie 740,Romance,1,1.4934534741508407
6562067,4813406,12.230640893287756,156,7.667667164821927,Movie 741,Horror,0,0.7335197888104464
174009356,278881383,99.69401264034616,148,8.04803831403629,Movie 742,Animation,1,1.602680392656588
91012399,90013372,19.1617877138727,137,6.478598744605639,Movie 743,Horror,0,0.9890231769409792
162563548,157167777,59.820044412889295,123,6.713610976580602,Movie 744,Adventure,1,0.96680823550923
36154828,26577061,41.72608256984635,153,4.697315458718191,Movie 745,Action,0,0.7350902346983922
155306093,216135985,13.512255818161044,135,8.369215204233118,Movie 746,Horror,1,1.3916774340592033
59842658,143245652,3.756546850163926,122,3.145236266535179,Movie 747,Comedy,0,2.3937047047609417
44109628,52539164,62.650495946990496,168,5.091614816657074,Movie 748,Drama,0,1.1911042187886962
14021573,17959850,80.86899881512349,113,7.330802529299136,Movie 749,Thriller,0,1.2808726952389722
53827729,113398157,84.35955048916766,109,3.4805370580269672,Movie 750,Adventure,0,2.106686629859491
179838386,177968432,48.78863383461651,150,4.099017164569756,Movie 751,Comedy,1,0.989602030792247
165151551,452910758,77.96809125105617,149,6.535714367177107,Movie 752,Adventure,1,2.742394820137051
81155332,146118252,67.61186621536594,134,6.359962028781347,Movie 753,Adventure,0,1.8004763014215752
190736856,308804371,72.70119822241419,146,7.43356977678573,Movie 754,Animation,1,1.619007345911165
186727425,353764532,49.7673015169596,92,7.875675834529031,Movie 755,Comedy,1,1.8945504764498309
87966281,80496693,63.70776228397058,82,3.771477471070015,Movie 756,Horror,0,0.915085781562142
8136029,16546102,80.74706544402964,105,3.1102859386514523,Movie 757,Comedy,0,2.0336827707964167
172086852,472028358,80.79191118589078,103,4.808350774598155,Movie 759,Adventure,1,2.7429658484310004
156714551,277012990,17.424201412707838,149,3.903267528373348,Movie 761,Action,1,1.767627755255477
7285088,14535801,3.4437315652338767,122,5.8142402799957775,Movie 762,Science Fiction,0,1.995281457135453
119550901,69753049,36.91260643951605,139,6.026548476380621,Movie 763,Comedy,0,0.583458998774087
185125585,260885048,55.12293650133765,137,6.510466898239296,Movie 764,Comedy,1,1.4092328080961904
110164720,256858748,84.14221486814535,128,6.079020097983387,Movie 765,Horror,1,2.331588080104048
8468810,21603458,13.621082333884374,121,5.974144621372283,Movie 766,Romance,0,2.550943757151241
136852884,175569247,80.22042842067434,155,4.996404923903134,Movie 767,Animation,1,1.282904984304167
26301054,65660138,86.43789556065546,179,3.4270814179085174,Movie 768,Comedy,0,2.4964831447439333
140218773,370483916,85.30783761111769,90,5.602669646442922,Movie 770,Science Fiction,1,2.64218483783195
128212314,301212501,72.95704427377552,169,6.096808828046987,Movie 772,Action,1,2.349325829966691
29267184,38022962,78.69219850067381,97,4.829029015537602,Movie 773,Comedy,0,1.2991670807823534
111933452,332558760,99.44711148832847,164,7.127460548731946,Movie 774,Action,1,2.971039971142854
5345760,9159411,60.9426438020686,179,8.183728932057063,Movie 775,Action,0,1.7133973466822303
134973601,108800160,31.48075181960869,131,4.793179132721206,Movie 776,Animation,0,0.8060847394891687
159148712,368105220,83.91555257352951,125,4.157904047634172,Movie 777,Science Fiction,1,2.312963864891348
172023458,224925487,61.834091973651496,123,3.697083445524535,Movie 778,Comedy,1,1.3075279942343678
39019582,116773723,58.5383469483747,101,6.6975242434248745,Movie 779,Adventure,0,2.9926953856143306
101532608,299465974,26.10991999588979,132,5.663135946843417,Movie 780,Adventure,1,2.9494561392533125
59720660,127822221,75.87709268870577,138,4.1280943031777335,Movie 781,Science Fiction,0,2.140335036484861
56229238,46364724,9.08506031014953,173,6.918820399751132,Movie 782,Comedy,0,0.8245661091832687
19100699,42349162,92.50442000867146,109,3.8908990980317055,Movie 783,Romance,0,2.217152471749856
2722320,1994306,33.25652261627799,87,6.325804235087715,Movie 784,Animation,0,0.7325758911516648
148516100,85160675,13.649690626209054,177,6.162890289751588,Movie 785,Animation,0,0.5734103911966447
164920642,421767409,44.79428677713946,136,7.4053668071165,Movie 786,Horror,1,2.5573961141868464
98278998,100675272,5.204521016396782,152,3.3306578396440005,Movie 787,Drama,0,1.0243823609190643
82550308,119497169,68.77799323223167,99,8.327237591107982,Movie 788,Action,0,1.4475678152527305
166875252,489552494,90.36784553409026,104,7.217950356880917,Movie 789,Adventure,1,2.9336434739885817
32206052,43223782,83.88903770671237,98,4.296755990092573,Movie 790,Action,0,1.342101229917905
31413513,38991220,13.609577871340226,84,4.100432091658438,Movie 791,Romance,0,1.2412244373941876
160546825,448811860,13.500842573665452,154,5.5899612848627,Movie 792,Horror,1,2.7955199986047683
57024141,136798406,92.50117318570848,151,8.057699958834643,Movie 794,Animation,0,2.3989560140853325
76356616,226791665,46.60631315351542,162,6.122736552836298,Movie 795,Drama,1,2.9701639082591087
18864557,51938653,50.39814057446283,166,8.164865176120426,Movie 796,Thriller,0,2.7532400045227674
7195200,15319802,32.50794209718686,106,3.0326622551501434,Movie 797,Horror,0,2.1291697242606182
72086130,92641633,89.53224670738499,119,3.21104778918958,Movie 798,Thriller,0,1.2851519841611694
107222252,121783564,64.84538762394324,175,8.470929561820457,Movie 799,Thriller,0,1.1358049446676424
188581132,480530703,29.53690613956948,105,7.651991579315496,Movie 800,Drama,1,2.548137758553703
85729603,231431759,30.57950423437091,106,5.704236349502314,Movie 801,Comedy,1,2.6995547733960694
177707005,322287164,89.22880723329664,141,7.521660788867923,Movie 802,Adventure,1,1.8135872809290776
14832640,16476835,2.3497683666763254,162,8.73383677034053,Movie 803,Adventure,0,1.1108497880350363
81197726,186567496,15.67352874783314,108,7.563639488340371,Movie 806,Horror,1,2.2976936078234504
96282726,149266803,10.11777666575939,118,4.00926655460125,Movie 807,Romance,0,1.5502968102502623
88220897,243789599,81.71235677796544,139,8.001444657874421,Movie 808,Animation,1,2.763399685224239
167261173,392926309,89.54603447620222,120,4.17065292014526,Movie 809,Drama,1,2.3491782459280013
96856757,94740538,82.53703565902076,112,8.355667968264882,Movie 810,Adventure,0,0.9781510442270952
82052418,166931012,89.98000108399742,162,5.751899388486455,Movie 811,Animation,1,2.0344435431506724
87601594,139178227,55.75808513477878,162,7.061860513866171,Movie 812,Action,0,1.5887636359676287
17689088,41483968,39.02022120071894,95,3.563945576499612,Movie 814,Drama,0,2.3451727980549366
131883819,331752388,66.96051828642481,102,4.744333845723991,Movie 815,Drama,1,2.5154896977922667
112274973,292963950,98.89471760752728,86,8.902391123982035,Movie 816,Romance,1,2.609343312868132
8102173,9195457,23.34704466007361,105,8.764288510018904,Movie 817,Comedy,0,1.134937133531955
180606266,104352313,39.600074882816976,175,4.922921385933284,Movie 818,Adventure,0,0.577788995427213
123332984,289615056,48.52469035369848,91,8.977780825471354,Movie 819,Science Fiction,1,2.348236835005954
118922192,91077668,14.66353321498512,151,8.073307172981398,Movie 820,Animation,0,0.7658593107668248
39720111,51131658,9.022822436040622,84,6.665756996593528,Movie 821,Romance,0,1.287298970539131
183733566,93620122,83.14256376584082,171,3.240747721566057,Movie 822,Thriller,0,0.5095428344323323
124620654,274685568,97.70264290993104,148,8.408680977230278,Movie 823,Animation,1,2.2041736998106267
196574678,180422142,41.06778131913621,128,6.344575675585919,Movie 824,Action,1,0.917830026917302
23064334,49316297,9.677333783270674,105,8.210856907216616,Movie 825,Science Fiction,0,2.138205985050338
149899044,446602697,7.515364308367071,84,8.006574719434454,Movie 826,Action,1,2.9793565394586508
62681549,42728581,89.24050242966958,101,7.998037291206517,Movie 827,Romance,0,0.6816771710603386
110367730,149101310,32.6827043396768,92,4.748490832056292,Movie 829,Animation,0,1.3509502279334729
121907878,325002292,48.16966585270056,107,5.016961546467119,Movie 830,Comedy,1,2.6659662798822565
63468859,88916352,49.41454175545438,102,3.120275997195388,Movie 832,Comedy,0,1.4009445482547591
185523489,124535149,86.09608329487574,176,6.495413455288867,Movie 833,Animation,0,0.6712635131608591
164584805,396301814,59.63783573514748,97,7.193002022676197,Movie 834,Adventure,1,2.4078882251614906
196798321,299284167,69.77072350820737,109,8.123195961151222,Movie 835,Drama,1,1.520765855517639
118758049,284796270,37.10239694719933,105,3.8409926002963823,Movie 836,Romance,1,2.3981218317252755
51011985,140743067,74.11208197254136,95,6.26509889386081,Movie 837,Thriller,0,2.7590196107836227
75062621,81210840,66.99509140305786,156,3.048048844042697,Movie 838,Adventure,0,1.0819078646347828
123415538,310820807,12.83663777745359,118,3.570561886264377,Movie 839,Action,1,2.5184900705128395
126235646,81767211,57.69164245844288,112,3.3252704652359584,Movie 840,Action,0,0.6477347214589452
168061473,461684776,26.417606134666045,105,7.352868204092921,Movie 841,Comedy,1,2.7471184665863304
154568563,328755179,80.60547129372569,127,3.486357383265619,Movie 842,Romance,1,2.126921364986747
61084389,164046207,43.167833138227,144,7.29871788935274,Movie 843,Romance,1,2.6855667984171863
58597408,29326303,99.47373235445222,117,4.4977482264635,Movie 844,Thriller,0,0.50047099352927
145538583,134288839,10.157543355957417,81,8.266277764181638,Movie 845,Comedy,0,0.9227026691609332
153347982,226096029,78.2544384112757,85,7.878899930182885,Movie 846,Adventure,1,1.4743984632285545
93525563,135495838,67.69647162067349,125,8.746981304851658,Movie 847,Science Fiction,0,1.4487572558103714
102370985,109212024,76.98238422847984,129,8.302572092748191,Movie 848,Horror,0,1.0668259565930718
52628164,43266759,49.713394448857656,167,8.152454379079845,Movie 850,Thriller,0,0.8221217635485061
95804867,146763746,79.85434345264713,97,7.160291403689133,Movie 851,Adventure,0,1.5319028207617051
94831305,237636422,24.021591830464644,106,4.021554912752616,Movie 852,Horror,1,2.5058858148161094
128094160,217462273,23.37728648207656,120,4.630245113124557,Movie 853,Adventure,1,1.697675155526216
82251088,44826861,55.55404437619831,151,4.276361796781639,Movie 854,Comedy,0,0.5450002193284057
36409403,56566016,52.83279437345572,171,6.6215147259492335,Movie 855,Horror,0,1.5536100935244668
17045907,9681010,28.94398457088036,153,6.021719627841608,Movie 856,Thriller,0,0.5679375113333658
197972612,162067289,28.506671157449983,141,8.716037198994453,Movie 858,Romance,1,0.8186348978413236
183676001,416801404,77.37969413785028,108,5.429159337708866,Movie 859,Action,1,2.269220811269732
150951937,442582144,65.5381856906836,137,6.038103319684874,Movie 860,Animation,1,2.93194080709279
70800140,181609271,83.40930115761502,149,8.829098140824835,Movie 861,Science Fiction,1,2.56509762551317
37081386,96361628,47.94226533092665,101,7.754344652152882,Movie 863,Drama,0,2.5986522725984407
74658410,220578028,7.602694259139437,85,4.351439414011478,Movie 864,Animation,1,2.954496727160409
125825546,258365299,5.761138730791508,105,7.088760692551632,Movie 865,Adventure,1,2.053361238742409
58395058,110831602,30.270838887890296,118,4.521693765831385,Movie 866,Animation,0,1.8979620158952493
161045166,333459359,93.32191434589264,91,8.30240033298832,Movie 867,Adventure,1,2.070595270149245
17663288,32353662,52.79809244211661,178,6.368867662420061,Movie 868,Romance,0,1.8316896604980908
98148566,204906995,27.906865091932787,93,4.115601845246308,Movie 869,Romance,1,2.0877227589855973
14081782,22877340,40.51751265659094,101,4.346215054190916,Movie 870,Animation,0,1.6246054654162378
96632207,101087720,60.26091563306241,130,5.963095174248601,Movie 871,Thriller,0,1.046107950323436
116546206,93308998,65.64201615564637,102,8.769612153449273,Movie 872,Science Fiction,0,0.8006180655936582
109664778,73568872,16.2380314685076,127,7.617852983301927,Movie 873,Drama,0,0.6708523314568694
60387253,69945918,97.72613597797242,150,5.929857856955071,Movie 874,Drama,0,1.1582894489338669
44669391,27485474,54.93245047129609,129,5.026314867373302,Movie 875,Romance,0,0.6153089035845597
69181511,132685084,14.43314346143565,168,6.295610960090656,Movie 876,Science Fiction,0,1.9179269443825824
143452407,367429960,8.389204676863452,164,7.7035715307168,Movie 878,Horror,1,2.56133701541864
158458712,108639638,90.86580788457375,89,4.947652788581668,Movie 879,Romance,0,0.6856021775565108
94580482,100811324,99.65999997260926,134,7.326955609283264,Movie 880,Drama,0,1.0658787296093502
157601538,366520558,70.34274811649388,88,6.946732680217117,Movie 881,Action,1,2.325615362966826
66438362,132678786,77.27427488632499,158,8.754673751977762,Movie 882,Horror,0,1.9970207272719935
183784092,121523220,34.39298081028115,131,8.58654174304809,Movie 883,Action,0,0.6612281763755701
153945311,414589908,94.21610842065944,81,7.736275953621462,Movie 884,Action,1,2.693098642023595
170373756,458842831,53.4416826447284,104,7.34036813312957,Movie 885,Romance,1,2.6931544022543004
21568697,28600523,73.50645621315793,92,4.644249538225655,Movie 886,Animation,0,1.3260199723701436
157118066,212268802,92.48666387521666,177,8.0757915365912,Movie 887,Romance,1,1.3510146057933274
176529362,524746043,97.54281762157532,130,5.565034222280197,Movie 888,Thriller,1,2.9725708916344464
40902996,84482701,83.48723130307076,137,4.633443255036268,Movie 889,Romance,0,2.0654404141936205
189699652,346826223,30.99873319122097,113,5.304964547720775,Movie 890,Romance,1,1.828291298077869
140941329,365796371,96.68820413865616,114,8.015612940099047,Movie 891,Action,1,2.5953804579208986
123794587,150190792,63.1838335931136,82,3.89179929346731,Movie 892,Comedy,1,1.2132258416113135
151835881,238831233,93.13360515884402,138,5.736952446718934,Movie 893,Science Fiction,1,1.5729564805567928
137600085,160915275,67.93439755562083,149,5.954145567176938,Movie 894,Drama,1,1.1694416831210532
113539028,280770902,31.41665722292433,127,3.2197781855929164,Movie 895,Action,1,2.472902110805458
100981544,216813704,55.49670593319111,98,7.960454571455139,Movie 897,Action,1,2.147062675135964
187794507,212352042,79.21146931442831,146,7.984604331568564,Movie 898,Drama,1,1.1307681219877217
81890201,86030835,32.48027258269316,161,4.754490503305488,Movie 899,Drama,0,1.0505632413822017
83537517,143762768,58.39338544728501,152,8.249383407587558,Movie 900,Adventure,0,1.720936570331627
17099248,40079173,35.21687436406375,155,7.630697634410087,Movie 901,Drama,0,2.3439143639533158
15677069,28424084,81.7611710588756,84,5.507444902772456,Movie 902,Thriller,0,1.8130993746343784
76589337,44545445,47.206081283027096,146,7.490438066430227,Movie 903,Adventure,0,0.5816141873639669
13433196,35885154,8.595559858435639,90,8.768007787168838,Movie 904,Romance,0,2.671378724765127
40010202,26475440,17.4391996266721,173,5.753818308392093,Movie 905,Thriller,0,0.6617172290207383
169844360,490775674,7.049362094343596,147,4.430563073720902,Movie 906,Animation,1,2.889561207684494
128949593,72579909,50.4309916554182,148,8.650899000300935,Movie 907,Science Fiction,0,0.5628548901274935
13457080,9494207,12.299856961653578,170,3.631590974882552,Movie 909,Adventure,0,0.7055176160058497
2222869,6172221,94.16377774379932,171,6.436096895140137,Movie 910,Adventure,0,2.7766912939988817
83716910,139060743,87.39285214542949,142,6.003485336689792,Movie 911,Action,0,1.6610830834535102
51066487,43090383,45.75657308432523,108,8.133533364453381,Movie 912,Animation,0,0.8438094243686667
138343082,187045276,98.59472676417036,161,6.184171138581128,Movie 913,Horror,1,1.3520392440006506
198020478,180606891,1.0184662888956484,91,4.5313946060657,Movie 914,Adventure,1,0.9120616858626106
10818159,10022535,61.783966171065984,156,7.053864383189331,Movie 915,Action,0,0.9264547692449334
12145552,34861023,62.02638955981514,120,6.255452715213481,Movie 916,Horror,0,2.8702707789650077
116438617,187828912,46.286862531118935,81,4.398267769601235,Movie 917,Animation,1,1.6131152777261173
95562311,236230573,40.29784932049499,116,6.441767147657447,Movie 918,Comedy,1,2.472005652939892
150370722,315630236,46.08293041258016,124,7.929213467338116,Movie 919,Adventure,1,2.099013902453697
94842126,207805348,42.081083171888366,159,3.171425506344063,Movie 920,Comedy,1,2.191065898290808
158155630,131147961,73.31875527074764,127,6.78510623187067,Movie 921,Thriller,0,0.8292335909888253
43758171,47497793,14.400188062355122,103,5.097511174706352,Movie 922,Animation,0,1.0854611130798864
135285389,333732257,20.56628283852189,178,4.7560286745565445,Movie 923,Thriller,1,2.466875835349817
108523287,317638492,18.871304610849936,101,5.355526502166668,Movie 924,Science Fiction,1,2.926915510769592
142802881,165178536,26.98458792700519,179,5.05213598548789,Movie 925,Horror,1,1.1566891006911828
11466615,33936602,86.94876023732391,125,7.398918138639512,Movie 928,Adventure,0,2.959600719131147
35861938,42044441,30.43879159953876,108,3.5643589213715323,Movie 929,Comedy,0,1.1723973478510838
112023110,169987202,17.091260759402076,114,8.708378234906494,Movie 930,Adventure,1,1.517429769625214
87787694,239546284,67.88650965022609,94,6.733899823491311,Movie 931,Action,1,2.72870003852704
138184150,70101176,4.770543759332608,139,7.24031146226736,Movie 932,Comedy,0,0.5073025813742025
51154221,30662602,62.37688792254225,174,4.788235992566706,Movie 933,Science Fiction,0,0.599414894813861
138926382,279266922,70.12164463697349,121,5.472579412248688,Movie 934,Action,1,2.0101791897236625
131876923,365094721,22.2767366072852,122,4.342670317625857,Movie 935,Animation,1,2.7684504058378736
192864812,211600018,5.154443270919795,159,8.595216514813345,Movie 936,Adventure,1,1.0971416496649478
43573305,72946263,37.00089053302551,153,5.928626682608266,Movie 937,Romance,0,1.674104431600954
179871077,292499735,10.760828793951712,128,6.782688693947939,Movie 938,Comedy,1,1.6261632491364912
141090082,237373956,12.53130711766037,143,7.405632183184292,Movie 939,Animation,1,1.682428365163187
182974207,306364584,30.25132453804917,143,7.320609927234847,Movie 941,Thriller,1,1.6743594030168416
83649048,135400234,53.46706376112064,81,7.055954938538041,Movie 942,Action,0,1.6186703523511707
10810404,18223325,68.1607966647983,103,7.233956003243679,Movie 943,Science Fiction,0,1.6857209961810864
87205129,172419243,59.68432314614829,166,5.935379401227677,Movie 944,Horror,1,1.9771686020899069
7292518,13436600,15.687673391662164,145,5.297624293749703,Movie 945,Drama,0,1.8425185923435496
42142200,111059025,18.03651721281002,117,4.332493129253939,Movie 946,Drama,0,2.635339991742244
122160976,76196947,87.99815572949854,110,7.947758116805358,Movie 947,Science Fiction,0,0.6237421269456787
115694229,301940132,87.12384545687121,108,5.66611317658497,Movie 949,Romance,1,2.6098115230968
152765117,253151641,61.82560073570106,157,3.287032875042233,Movie 951,Drama,1,1.657129886530313
197350488,315039705,52.84267818940646,104,8.101031671230285,Movie 952,Action,1,1.5963462172943803
67689168,70821456,32.5932254922258,127,8.985495557675835,Movie 953,Thriller,0,1.0462745826629158
131682380,196469073,47.52162183132594,144,8.321652665297204,Movie 954,Drama,1,1.4919921177001814
134541075,82200483,50.74659680586628,132,7.862619513693751,Movie 955,Comedy,0,0.6109694232783557
157637208,188306343,20.87632650091118,146,5.245835960437947,Movie 956,Animation,1,1.1945551776075607
183984073,467633318,32.18602686529643,169,4.387885093573761,Movie 957,Romance,1,2.5417054333828126
169239170,205017304,79.34956530019059,97,7.409103122997607,Movie 958,Comedy,1,1.2114057519899206
181741265,332404530,36.619615260984645,117,4.056238092929824,Movie 960,Comedy,1,1.8289986591652696
105884334,285851351,31.3902559386928,166,7.719155322621548,Movie 961,Romance,1,2.699656693312157
94198563,182457801,20.32451929261637,100,4.875261913420333,Movie 962,Comedy,1,1.9369488789335356
160371374,92080521,68.17062569640754,144,8.48665037692403,Movie 963,Animation,0,0.5741705561492539
105544289,230989008,32.9868704649674,100,8.043795868914751,Movie 964,Adventure,1,2.188550514561712
104231399,63803574,98.78720437081968,106,8.08584197705553,Movie 965,Science Fiction,0,0.61213391177835
9411883,15308357,33.24279540433137,149,7.629418356334957,Movie 966,Thriller,0,1.626492488272538
12082322,34115242,40.01946863148019,123,8.28528854264842,Movie 967,Romance,0,2.8235666952097453
17203305,15706786,60.73008542499144,179,7.834481353068721,Movie 968,Comedy,0,0.9130097966640712
146066408,215401339,80.3667450259392,107,6.615068181448372,Movie 969,Horror,1,1.4746808793983623
108145828,251401282,47.48234786921773,124,4.774936311491179,Movie 970,Action,1,2.3246507669255627
106859763,289124732,42.84294734510687,96,8.329255159284894,Movie 971,Horror,1,2.7056463900261503
90838873,197788702,99.56814552588602,119,8.043621736639151,Movie 972,Comedy,1,2.177357506405875
194510719,222799022,2.0388704728545,82,5.83727593326327,Movie 973,Action,1,1.1454331316311672
36555041,79928314,89.61146359627334,155,3.234472116011731,Movie 974,Adventure,0,2.1865196102501976
188246519,233768123,15.764941768034006,155,6.831262364411481,Movie 975,Romance,1,1.2418191010480253
77658629,178309887,78.80660234468243,145,3.3035811220594904,Movie 976,Romance,1,2.29607307386279
186863908,539117850,62.1752244247835,125,8.557679771090443,Movie 977,Animation,1,2.8850828165276305
33359860,76843891,34.84288126431112,165,8.769787539751842,Movie 978,Thriller,0,2.303483617737005
169716949,450972090,87.51362059658082,166,4.136940875397626,Movie 979,Drama,1,2.657201255721372
163490644,82605218,2.277815570118205,109,7.05833626832946,Movie 980,Science Fiction,0,0.5052596037238681
120654085,276772062,23.442374555417445,148,3.5536140273765766,Movie 981,Adventure,1,2.293930304970611
154250307,397035491,57.12238682870407,88,7.3771015714387325,Movie 982,Action,1,2.573968886817191
165572509,99574784,35.8026837449201,164,5.083725996916048,Movie 983,Adventure,0,0.601396841790928
110039037,294793954,61.427372036514434,90,7.086300670382672,Movie 984,Animation,1,2.6789943099920075
151732605,173238512,3.386909147458016,148,5.237259055213067,Movie 985,Romance,1,1.1417355683045185
94481782,204385849,12.52943411768954,178,3.8734050589994142,Movie 986,Thriller,1,2.163230251097508
129050312,322740273,13.582527781625483,170,5.436659883015347,Movie 987,Action,1,2.500887196615224
77165878,166420661,19.739080945684933,145,3.67604115980874,Movie 988,Adventure,1,2.156661277151541
106275634,77656878,46.47381263925374,167,6.461299649861675,Movie 989,Romance,0,0.7307119710996032
79350878,157972029,75.46074125481356,110,3.245709192896878,Movie 990,Romance,1,1.9908037942566936
153028199,286768592,90.6483449549612,112,6.163918077599158,Movie 991,Horror,1,1.87395913873364
41636644,114534212,83.70188049814035,118,8.318211882573245,Movie 992,Drama,0,2.7508031627140745
193752163,292681886,20.49189930579267,173,8.027239620716177,Movie 993,Adventure,1,1.5105993216705405
93815365,122213533,44.673904670832606,125,8.29669019775898,Movie 994,Science Fiction,0,1.3027027395778932
99164033,235477581,20.74174817809497,116,8.532292812762645,Movie 995,Adventure,1,2.374626907318301
58975251,90331702,27.18270985005189,171,3.627167327254165,Movie 996,Drama,0,1.5316883009111737
138311963,292563057,50.851151169676726,139,3.7724832172542784,Movie 997,Science Fiction,1,2.1152404365774204
183087754,387436614,7.742793447628731,110,6.342040837878772,Movie 998,Drama,1,2.11612522156998
23763342,64638610,22.59925862973405,90,8.363836010546574,Movie 999,Action,0,2.720097619265842
20636869,41206276,93.6024379694046,166,8.846096739144183,Movie 1000,Animation,0,1.9967309963541464
162349749,284986155,47.14551297319041,81,3.27757150404,Movie 1001,Thriller,1,1.755384019719057
34942384,29602430,45.09326607180935,106,5.134644505203961,Movie 1002,Drama,0,0.8471783150228102
198085687,156357751,2.442148320376611,178,4.277365527959961,Movie 1003,Horror,1,0.7893440125232268
153025061,135550197,25.49257495877623,81,7.535795093587488,Movie 1004,Science Fiction,0,0.8858039076357564
188446194,175183577,86.76295116223595,100,6.841163211222192,Movie 1005,Romance,1,0.929621199990911
133960449,315135676,42.09736901393739,84,5.901132404189829,Movie 1007,Horror,1,2.352453118457374
151481610,276450727,2.418759680833124,131,7.112643134227748,Movie 1008,Science Fiction,1,1.8249788010571053
40138695,103258572,48.35521268538503,124,7.674032363544226,Movie 1009,Animation,0,2.57254432412414
169016921,503359106,3.081089565895498,164,3.120316258704051,Movie 1010,Drama,1,2.9781580626474677
129759218,330890102,82.14134575351419,172,8.34281744390334,Movie 1011,Romance,1,2.550031566928833
113023724,252857346,82.66052298122325,99,6.415688297703147,Movie 1012,Animation,1,2.237205933862169
84721515,155144728,78.98647664193462,140,7.871454689759428,Movie 1013,Animation,1,1.8312317479214104
76495044,124085110,29.053042820220703,117,7.8476281800857,Movie 1014,Adventure,0,1.6221326704511734
131971033,93828890,83.88648460395999,99,4.139115961625815,Movie 1015,Drama,0,0.7109809468567242
49014453,73444328,54.75681512792166,104,3.6610327215217984,Movie 1016,Comedy,0,1.4984218634450537
101727619,282328383,38.00700277783324,81,7.32772361384296,Movie 1017,Animation,1,2.7753365877952967
52569363,132477768,62.90766601071907,111,3.938561512929714,Movie 1018,Science Fiction,0,2.520056558417876
33686304,35038081,2.2217635599770267,105,8.099624948428342,Movie 1019,Science Fiction,0,1.0401283857083283
129161931,215250871,15.153126882474464,149,7.357136903172631,Movie 1020,Comedy,1,1.6665194561081624
77362381,51713764,25.171999262899146,146,4.794076077656077,Movie 1022,Adventure,0,0.668461380473799
166916991,245114507,60.202902615546215,176,4.8995883624634144,Movie 1023,Drama,1,1.4684814621418618
107472997,282611325,39.12515767947993,80,7.027329338077906,Movie 1024,Animation,1,2.6296030899743124
81480036,123014049,85.62577210112688,130,3.188675730353685,Movie 1025,Romance,0,1.5097446569611237
27216317,18889120,95.28911529366772,84,7.358980478024536,Movie 1026,Animation,0,0.6940365957671643
127111882,235962352,88.47290810864885,92,8.014698425127607,Movie 1027,Science Fiction,1,1.8563359167320013
188432803,500167785,27.79137947466607,98,5.490981519624624,Movie 1028,Action,1,2.654356232232028
35970444,71067304,20.222124035562143,91,7.589272980530812,Movie 1029,Action,0,1.975713838839465
140970538,150231988,47.96905446845276,127,4.047665501893571,Movie 1030,Horror,1,1.0656977701255563
135789378,198333836,1.7260809327818474,104,4.933562362916908,Movie 1031,Thriller,1,1.46059904626708
104527089,169888756,3.555129893454992,136,8.845829778662864,Movie 1032,Romance,1,1.6253084021119155
73017911,142251003,55.77577332267701,114,8.917969041360758,Movie 1033,Horror,0,1.9481658822038883
41435721,99378503,52.524491012363306,155,6.075630318129528,Movie 1034,Drama,0,2.39837754965094
4757974,3555082,99.46361691449074,173,8.605618748783261,Movie 1035,Animation,0,0.7471839904967955
62119361,169221220,20.982341701012054,84,6.136384068341128,Movie 1036,Comedy,1,2.724130082406997
43321932,22994166,26.55228898688637,177,4.749528768966944,Movie 1037,Thriller,0,0.5307742507882612
109955219,156700573,12.240523590302384,101,4.601395728592631,Movie 1038,Action,1,1.4251308343990474
20931456,11900595,91.83675795572071,156,8.577034232208893,Movie 1039,Horror,0,0.5685507496468473
60376958,89504949,78.00331320138662,136,4.034678333843154,Movie 1040,Science Fiction,0,1.4824355509928142
44928336,79936651,90.37361500848635,133,6.3331504083763175,Movie 1042,Science Fiction,0,1.7792034630439018
143329802,131013596,52.96509868585799,82,7.43773010791797,Movie 1043,Romance,0,0.9140708643412484
154185166,326001602,45.66812595362164,132,5.995457445148649,Movie 1044,Thriller,1,2.114351272936334
147356119,90174006,33.70875589289604,163,4.633713964248805,Movie 1045,Animation,0,0.6119461248840301
188268645,452742234,59.332246820437696,110,4.016378997789471,Movie 1046,Horror,1,2.404767049765509
159230518,456451967,45.97356128219243,148,6.724912821035351,Movie 1047,Animation,1,2.866611078913905
191221730,258038822,45.70499307395193,167,7.313944541119398,Movie 1048,Adventure,1,1.349422066205551
157200541,281876047,93.75585850938276,112,6.417127672092196,Movie 1049,Romance,1,1.79309845377695
190834334,276189893,98.41911991363388,151,7.430107662727169,Movie 1050,Romance,1,1.447275693062654
165185668,85363984,79.8519545436285,167,3.849127214699761,Movie 1051,Horror,0,0.5167759711453902
78822269,115449894,75.9190509344459,129,8.294821169658814,Movie 1052,Adventure,0,1.464686255098797
119227179,295600022,68.37525801613104,163,6.494373050451019,Movie 1053,Drama,1,2.4793006467090866
144959985,288466326,17.441410381017857,95,3.761063561355583,Movie 1054,Adventure,1,1.989972101611352
187261879,141036244,6.851476266689798,155,5.77155122523441,Movie 1055,Drama,0,0.7531497854937149
4609736,12067591,69.38190519621304,156,8.068750427195468,Movie 1056,Romance,0,2.6178486143241173
19161634,49902804,5.65032611871584,168,4.587897029992569,Movie 1058,Drama,0,2.6043083799638382
18163810,35429488,92.87712327265596,125,7.267594948262719,Movie 1059,Action,0,1.9505537659775125
147443583,280027965,10.022923305023076,175,3.59991148490266,Movie 1060,Adventure,1,1.8992211075065912
52424149,40007382,29.30415284334904,167,3.201275228472947,Movie 1061,Comedy,0,0.7631479530549938
126966143,116605621,67.56659146707175,126,6.3623937229196565,Movie 1062,Comedy,0,0.9183993326472868
136353692,399524927,17.817386846043156,123,7.168965475968755,Movie 1063,Horror,1,2.930063140497875
67318090,198159569,33.78350242725083,166,5.041297430732008,Movie 1065,Drama,1,2.9436302931351737
195421608,357578895,76.83118591066273,129,3.039152462573322,Movie 1066,Horror,1,1.829781765995908
3155748,2649164,41.95418921954077,156,5.877115422668123,Movie 1067,Action,0,0.8394726068114438
61676365,46149679,65.644319268886,139,3.0951212722414017,Movie 1068,Action,0,0.7482554946291015
55256930,155498157,3.1996297205324606,94,4.96013413519049,Movie 1070,Comedy,1,2.814093309201217
169645332,260469296,98.86545871752496,115,5.623032297361063,Movie 1071,Animation,1,1.5353755563400944
9910852,14753152,5.101380793119388,142,4.676816647377891,Movie 1072,Animation,0,1.4885856432928268
173645754,222790220,96.81247102720002,148,6.491191599028247,Movie 1073,Science Fiction,1,1.2830156503567602
38617741,33506861,55.43655365807542,165,3.332098735308571,Movie 1074,Action,0,0.8676546098333406
100065241,172074989,96.3527436794416,159,3.867478261437508,Movie 1075,Drama,1,1.719627987504672
142158973,117298134,12.36060634196971,120,7.171550404532601,Movie 1076,Drama,0,0.8251194527129849
199987907,517708813,49.55044339936581,153,3.8528451215875066,Movie 1077,Animation,1,2.588700590781221
16876696,24066041,17.780905094739804,103,6.838651209422535,Movie 1078,Comedy,0,1.4259924454407429
10451244,15018530,6.046512825221798,161,3.3281077245201933,Movie 1079,Horror,0,1.4370088383736903
111838825,188450217,62.13538239116885,128,5.444293674714842,Movie 1080,Animation,1,1.685016066647696
75926168,122265372,21.57055867520745,97,4.064456820727094,Movie 1081,Horror,0,1.6103192775381474
18606951,55581659,59.18200481046705,86,3.657817695211119,Movie 1082,Adventure,0,2.987144911597822
63056263,117502370,12.124083712949576,83,6.402196701007365,Movie 1083,Animation,0,1.863452802459924
8021862,5779785,33.86666067183757,169,8.57001463203373,Movie 1084,Thriller,0,0.7205041672369832
9351245,8219377,44.268100662376575,139,5.5293254893082056,Movie 1086,Comedy,0,0.8789607159260612
106945887,61744578,63.1467960748363,134,7.245212626472663,Movie 1087,Comedy,0,0.5773441104845856
109146354,319455593,65.09833613380906,95,5.776126990126962,Movie 1088,Adventure,1,2.926855376222645
171858336,418276934,84.53174935474206,178,7.838975676631471,Movie 1089,Animation,1,2.4338472240299125
6345854,18721998,33.16735664625749,169,4.07787189518479,Movie 1090,Romance,0,2.950272414083274
12683982,21495495,69.04226069566924,161,8.757565230166442,Movie 1091,Drama,0,1.6946961135706438
65365536,119661015,96.1999648975704,108,5.310975766635243,Movie 1092,Horror,0,1.8306438273526893
193039576,177759024,73.29409010142894,102,5.049417797665651,Movie 1093,Action,1,0.9208423872625996
185092816,206798385,49.49717719505671,93,8.247634767018996,Movie 1094,Drama,1,1.1172685654099077
106546976,276635695,63.44102700470099,158,6.383202191350599,Movie 1095,Thriller,1,2.596373030802864
71790126,99821594,74.22860687854771,128,6.098666051416929,Movie 1096,Science Fiction,0,1.390464114800411
39187510,100595805,61.61530080369337,112,7.361867517170586,Movie 1097,Comedy,0,2.567037431059029
137826817,313216170,2.650905535494076,104,6.479005429686542,Movie 1098,Science Fiction,1,2.2725343065856336
188058125,177325142,20.28257627103536,100,3.975093868542692,Movie 1099,Science Fiction,1,0.9429273103727904
18691444,33057985,81.23635350433113,96,7.045185737189578,Movie 1100,Science Fiction,0,1.7686158971987398
179350183,195060010,73.42464983655226,136,7.835146232004372,Movie 1102,Horror,1,1.087593035798575
185036390,476787203,37.83990130892817,160,8.938419586273625,Movie 1103,Comedy,1,2.576721276285168
88255618,80586657,7.729356682120966,93,5.668535389212075,Movie 1105,Adventure,0,0.9131051238007308
12630982,24724655,18.941330543921246,172,3.2786019328968736,Movie 1106,Romance,0,1.9574610271790427
185894642,557550920,95.76249938840422,99,3.08239912849547,Movie 1107,Animation,1,2.999284508694984
97231367,85204209,89.12366729124449,109,8.528516009257967,Movie 1108,Thriller,0,0.8763037240852533
27704425,70421665,65.57523597900597,98,3.771744362635152,Movie 1109,Romance,0,2.5418923150363164
62298111,63436453,46.504815141188,132,5.6746724853568224,Movie 1110,Romance,0,1.018272496255946
180232243,442645130,67.90036799662715,135,7.892127743133368,Movie 1111,Science Fiction,1,2.45597082204653
190086734,444127162,62.24241862029996,156,8.335912559569916,Movie 1112,Horror,1,2.336444804191333
16586926,20753951,57.2866733048566,161,6.116386111700805,Movie 1113,Romance,0,1.2512234635881296
144714291,190235299,6.85853011449064,102,6.390195149855699,Movie 1114,Thriller,1,1.3145577930516896
82143014,203821746,63.64745845548918,141,7.018103834779635,Movie 1115,Science Fiction,1,2.481303473963105
46745050,77298258,77.12308441254567,112,8.768294820862291,Movie 1116,Adventure,0,1.653613762312801
166773731,388089988,99.41408380991196,97,6.616019765667031,Movie 1117,Horror,1,2.3270450668277007
115567717,100539333,2.096776706836658,152,6.356851556738078,Movie 1118,Action,0,0.8699603627196338
11321336,29790900,73.28717187775699,112,3.087204811595944,Movie 1119,Comedy,0,2.6313943866695597
84667964,192806886,57.60714227766207,111,3.485698212134136,Movie 1120,Science Fiction,1,2.277211791699633
123715546,342365084,43.97116543201472,140,6.463029759743978,Movie 1121,Romance,1,2.767357014291478
78859104,65526470,13.629447282565716,133,8.61744232684322,Movie 1122,Drama,0,0.8309309474274524
145020733,287508860,41.499429714852745,96,8.20014809039637,Movie 1123,Drama,1,1.9825362487996805
32738453,45298621,30.98015900889548,170,6.167004225367644,Movie 1125,Action,0,1.383651848179876
54509641,32430723,70.37182660714211,178,8.042401988936042,Movie 1127,Action,0,0.5949538908172226
20908425,39167882,93.92781651604383,163,5.032499425287043,Movie 1129,Thriller,0,1.8733061911645663
128052640,82511055,35.63558403390459,104,5.819870607946767,Movie 1130,Science Fiction,0,0.6443526271695765
174585525,384418074,25.136391833307776,147,8.147502433461407,Movie 1131,Romance,1,2.201889727112256
38612325,64365015,65.93442799674156,153,4.791287555892984,Movie 1132,Adventure,0,1.66695517558189
157686220,92428274,20.68259203280289,153,8.542458787599891,Movie 1133,Science Fiction,0,0.5861531464195159
17413486,50917369,32.18604021115904,167,4.37883804853599,Movie 1134,Comedy,0,2.924019291714479
146823971,421793019,23.2356415674136,164,7.497098490940684,Movie 1135,Thriller,1,2.8727803513773646
84752812,151051211,7.846203204131622,90,6.78335540607443,Movie 1136,Action,1,1.782256038891075
11688727,8581641,82.92237542193166,170,7.497596646724574,Movie 1137,Action,0,0.7341809762517338
179060211,427336693,26.199513749244456,95,5.624085434595569,Movie 1138,Adventure,1,2.3865530516994644
96723191,167314459,47.82972283095905,169,8.595846375323909,Movie 1139,Comedy,1,1.7298277411050262
10828366,13601712,5.288212052176883,140,6.794833214468865,Movie 1140,Comedy,0,1.2561186055218303
108019524,195095181,33.72553922832279,159,6.830730423912862,Movie 1142,Romance,1,1.8061103564944423
180320878,343832108,74.7289360550918,86,4.720894483242187,Movie 1143,Thriller,1,1.9067792471596103
146836355,235387382,41.82790298631875,95,4.761794350559246,Movie 1144,Romance,1,1.6030592832408568
150261131,302684257,20.37980503415684,178,5.397591069725207,Movie 1145,Comedy,1,2.014388251875996
94982380,265650213,51.804333145921554,95,8.114582505414713,Movie 1146,Action,1,2.796836771199037
140743361,197838750,13.91995140410654,119,6.001787246363952,Movie 1147,Thriller,1,1.4056702113288313
53411802,123610461,44.61337682742648,91,7.0734050533812445,Movie 1148,Action,0,2.3142911561006687
70353566,192496600,32.41324226462817,114,5.351806441646778,Movie 1149,Thriller,1,2.7361313852946703
13920739,27915153,69.70772399646846,122,6.621487482738376,Movie 1152,Drama,0,2.0052924632808646
184500067,365036500,19.09236543275616,179,8.60370803149631,Movie 1153,Drama,1,1.978516896690341
124175705,312484853,32.585462358891746,96,4.22047801318989,Movie 1154,Comedy,1,2.5164733552348264
8726890,14758990,42.13589224314453,111,3.8813649834775967,Movie 1155,Drama,0,1.6912084373700138
157892442,472146933,90.89349384812245,120,8.134937442743421,Movie 1156,Science Fiction,1,2.9903073701273173
143575684,93134519,25.01524834130869,85,7.085503275703509,Movie 1157,Adventure,0,0.6486789155745899
144669065,180270281,11.3629210830178,99,7.803983649151867,Movie 1160,Action,1,1.2460872751199437
129953191,143072741,13.731052110094698,104,5.723211719975616,Movie 1161,Comedy,0,1.1009559665218225
90729573,116110962,57.81120919952764,145,7.0232430390365455,Movie 1162,Adventure,0,1.2797476959359215
172158661,196281345,7.029291376849839,88,4.9101121328160655,Movie 1163,Thriller,1,1.1401189104276317
112030983,64639090,4.062157257963038,171,5.28737971664926,Movie 1164,Action,0,0.5769751212483782
106251630,311193238,71.72699604557928,132,8.94427535173863,Movie 1165,Horror,1,2.928832602379841
163906457,172407255,36.80306238926341,140,4.485702523048311,Movie 1166,Drama,1,1.0518637163879394
43019117,100452839,13.412159574153454,117,6.038738262219084,Movie 1167,Action,0,2.335074404246837
122768331,295440882,26.10766431511112,82,8.066414059143193,Movie 1168,Action,1,2.406490986669844
159279897,449670005,64.56656422788751,163,4.435339281995148,Movie 1169,Science Fiction,1,2.8231434943733045
102918860,59319718,28.278120146944268,149,5.491282540105984,Movie 1170,Adventure,0,0.5763736403609601
26291709,47800047,13.047835365940555,134,5.887128908850615,Movie 1172,Action,0,1.818065421308292
165474065,344411145,59.22127012293925,80,5.757013599421905,Movie 1173,Comedy,1,2.0813602723786357
26836512,56656591,32.291690700483144,149,5.175058387932742,Movie 1174,Drama,0,2.1111756624705924
78782638,200855903,63.06987501834293,124,6.519877966649551,Movie 1175,Adventure,1,2.5494945091836096
166766759,222386525,81.03109334809827,177,6.746236187541662,Movie 1176,Action,1,1.3335183002507112
131837162,307527052,61.55299551960925,126,6.919737245408175,Movie 1177,Drama,1,2.3326279732872286
171564587,312495506,30.279008696907045,158,3.422208647436176,Movie 1178,Science Fiction,1,1.8214452729688324
12309411,30570238,26.318626453281738,105,6.786205054272293,Movie 1179,Romance,0,2.4834850343367365
188907055,562256362,33.41467491461135,93,8.719423072687396,Movie 1180,Drama,1,2.976365080700665
40302467,40368061,17.297430810413978,133,6.245917413168503,Movie 1181,Horror,0,1.0016275430484194
173162180,517169907,18.93601323415199,150,7.291602495055466,Movie 1182,Romance,1,2.986621599473973
99881316,72367048,79.27841908811662,125,6.3403938465553065,Movie 1183,Horror,0,0.7245303816381434
85776775,43385366,39.088525074237054,110,8.128443711551872,Movie 1184,Thriller,0,0.5057938585357167
114246334,69736515,44.163522876488,167,8.577498567585414,Movie 1185,Comedy,0,0.6104048380230739
119279273,161558528,59.81089709111431,138,4.105319395778156,Movie 1186,Comedy,1,1.3544560084634318
92253744,192096818,59.37569602000322,174,5.62116021934276,Movie 1187,Science Fiction,1,2.082265821103152
60220571,40502781,7.670310280670647,108,5.354292605596328,Movie 1188,Action,0,0.6725738452396939
190902201,98155141,83.32253784742889,175,5.4312907397956725,Movie 1189,Romance,0,0.5141645328646578
28580296,81245995,18.555328769170004,96,3.753145087367256,Movie 1190,Science Fiction,0,2.842727556075696
64655986,165184185,72.58409196891722,93,7.881694355884315,Movie 1191,Horror,1,2.554816579550732
180301837,454893949,77.49442782468849,115,3.2145974580896115,Movie 1192,Horror,1,2.522957927489114
120999784,328037757,71.77505387504006,137,6.169359646362942,Movie 1193,Romance,1,2.711060682554607
154271050,347123080,58.318787008860376,103,6.971270328268147,Movie 1194,Horror,1,2.250085677124775
175034265,262157652,36.67717374395389,170,8.435101152592773,Movie 1196,Adventure,1,1.497750466173009
114378925,263972114,60.87910350689553,104,8.031295242148758,Movie 1197,Action,1,2.307873710126232
108334614,130092121,39.35767829633133,138,5.826502376903552,Movie 1198,Comedy,0,1.2008361519615514
197889400,439020782,86.4845095963685,111,5.466893594040832,Movie 1199,Drama,1,2.2185159083811463
85380672,47919570,31.57142525961192,161,4.4194075512666,Movie 1200,Drama,0,0.5612461096581671
81908854,103642823,30.059944453407383,97,7.379959347869782,Movie 1201,Thriller,0,1.2653433412705295
172350386,322782256,27.33377161617313,116,3.790462797791785,Movie 1202,Thriller,1,1.8728258374773816
124589543,259174228,33.945306027118754,105,7.0814265230626985,Movie 1203,Adventure,1,2.080224565877089
195967438,380686670,56.18309146710453,88,8.054741916710482,Movie 1204,Drama,1,1.942601658138736
104090836,233620503,70.9945141329865,178,4.370829455502142,Movie 1205,Thriller,1,2.244390687764291
19492846,10043140,66.59422385613972,143,8.198564417392538,Movie 1206,Animation,0,0.5152218408743392
98483912,74094666,80.96406417816648,151,3.1999391966370507,Movie 1207,Animation,0,0.7523529934513568
78652169,210186959,88.70548555424506,99,8.476724312319153,Movie 1208,Comedy,1,2.672360618560945
163306360,359987903,81.79182519199178,133,3.710173367107788,Movie 1209,Romance,1,2.2043716056129106
178045145,463840735,73.85587740164688,162,4.500494813483651,Movie 1211,Adventure,1,2.605186089179797
91190760,100818502,21.63155778821483,109,8.019314347017684,Movie 1212,Drama,0,1.1055780432140274
100508798,170427714,14.15987622809028,132,6.073802165492799,Movie 1213,Thriller,1,1.6956497081976842
170670899,147287497,64.21038969511442,171,3.811447147479008,Movie 1214,Drama,0,0.8629912765620341
161612888,367713786,32.6545763453618,178,6.425949427955871,Movie 1215,Action,1,2.275275137710552
193653386,419673234,6.6545991736738825,142,5.447295661181899,Movie 1216,Romance,1,2.167136049973327
146367425,150433684,14.625343705437771,90,6.968686899678607,Movie 1217,Comedy,1,1.0277811746705252
148975377,223949479,90.41913910712604,128,5.456334787100511,Movie 1219,Animation,1,1.5032650597017787
187636634,165274845,21.7361211814416,173,3.087090567165653,Movie 1221,Horror,1,0.880823970653833
64213072,74835200,42.21001528810282,166,6.449034227159249,Movie 1222,Thriller,0,1.165420025380502
106519743,59125626,36.30056126913109,98,5.413648604588602,Movie 1223,Adventure,0,0.5550672986509178
160364010,314015780,91.2608618143648,91,5.247895314088972,Movie 1224,Action,1,1.9581437256401857
142075386,370188338,4.98860562771967,94,4.097611927705275,Movie 1225,Action,1,2.605576859034541
65164715,122017743,51.7092560600281,110,5.580332071147646,Movie 1226,Adventure,0,1.8724511110038613
69105394,40369501,93.23809939443572,116,4.7865249220334665,Movie 1228,Adventure,0,0.58417293735421
65991256,68404568,62.41675396024838,158,6.598226480448601,Movie 1229,Romance,0,1.0365701783278682
175003379,269558329,80.5717683651645,108,7.658921287894,Movie 1230,Animation,1,1.5403035675099737
189658373,454995855,9.288768846689493,105,7.49494693905919,Movie 1231,Horror,1,2.399028568066436
146509876,142057020,39.20801158275581,81,4.9726457249555445,Movie 1232,Thriller,0,0.9696071273720824
172136855,395825020,38.02076631342768,163,6.665160501101102,Movie 1233,Comedy,1,2.2994786328587216
131978076,352029565,88.74253342911605,94,8.227588111620943,Movie 1234,Romance,1,2.667333663812465
78688894,128645885,15.985745955064218,83,3.092684566398468,Movie 1235,Comedy,0,1.6348671135217634
119485994,305117042,16.036731061326396,165,5.614406141059845,Movie 1236,Action,1,2.553579978587281
32199893,60749714,33.52725683869405,129,4.345640509451432,Movie 1237,Comedy,0,1.886643350026039
141003993,295082876,6.39213868931692,117,5.3317937423930335,Movie 1238,Drama,1,2.0927270903597743
57240283,103930961,19.06334602459652,102,5.49593764785145,Movie 1239,Comedy,0,1.8156961418237567
109150641,180964317,96.55575421602778,138,7.480025788719821,Movie 1240,Science Fiction,1,1.6579317843859478
166516756,180942702,43.39021004685012,169,3.562931234372659,Movie 1241,Drama,1,1.0866335998042145
66170480,83241481,63.5699016338212,154,6.075503418795063,Movie 1242,Romance,0,1.2579851468509824
164386192,201360805,72.88501467511905,107,6.385168750792472,Movie 1243,Animation,1,1.2249252966453532
102233747,195084718,37.32917929371285,145,5.964945621310826,Movie 1244,Romance,1,1.9082223211480256
93294504,74624802,15.57548036664118,87,7.39123951837632,Movie 1245,Drama,0,0.7998842246913066
102630640,286542614,21.4515206059563,108,5.3027475354410845,Movie 1246,Animation,1,2.791979217902178
171184309,394004287,32.013381181480426,90,8.669802381840457,Movie 1247,Drama,1,2.301637862147751
99138587,149066175,63.97077361487034,97,5.890820655233648,Movie 1248,Romance,0,1.5036140771302298
151623294,135939435,40.42977435981639,134,6.427283457688786,Movie 1249,Comedy,0,0.896560359650279
10427504,28206194,1.6746550921126837,129,7.953184940080496,Movie 1250,Science Fiction,0,2.704980405665632
142240064,364055652,52.81731132167971,93,4.651416635586735,Movie 1251,Romance,1,2.5594452207220604
20655820,47597286,92.22982579883436,153,3.451212172576815,Movie 1252,Horror,0,2.304303871741717
96855581,114179908,81.39568348985922,178,7.246703870174895,Movie 1253,Thriller,0,1.178867617344632
97231290,146441659,82.69592575470348,88,5.898071133290272,Movie 1254,Action,0,1.5061165906571845
100017426,75700252,79.71074374300699,178,8.379025505753969,Movie 1255,Action,0,0.7568706277244127
159428477,155059947,33.04935173543194,90,8.896080292334604,Movie 1256,Adventure,1,0.9725988099353168
132992221,304232578,15.172974423308109,155,5.492634097557965,Movie 1258,Thriller,1,2.287596791093518
14691164,29143073,66.1138985803194,146,5.447775613234358,Movie 1259,Adventure,0,1.983714360550328
157979628,432756251,64.51528810181445,132,4.947324658385557,Movie 1260,Adventure,1,2.739316812418371
12707868,24884118,3.531410109883732,118,7.690122586598385,Movie 1261,Comedy,0,1.958166232132723
149463901,249219097,79.00904322550223,157,7.553974574944366,Movie 1262,Comedy,1,1.667419994611274
104357583,140979462,90.42156240441793,135,5.871869223303149,Movie 1263,Comedy,0,1.350926860772542
108174930,76456813,81.42668169442894,154,4.857355809078441,Movie 1265,Romance,0,0.7067886524169694
14781009,41789141,9.158191214332872,118,4.753818279329025,Movie 1266,Animation,0,2.8272184260222017
190170432,488126926,60.396817967845536,104,7.86652347720155,Movie 1267,Animation,1,2.566786649567058
110640269,91258839,49.07903966809344,100,3.5254534404970483,Movie 1268,Comedy,0,0.8248248112990397
115070898,220068592,55.046429797591,89,7.834052274256225,Movie 1269,Adventure,1,1.912460889981062
68812526,183479651,92.69431498655015,122,7.015101913194858,Movie 1270,Science Fiction,1,2.6663699425886502
119746097,231052837,87.2602094774385,94,7.394648754782695,Movie 1271,Thriller,1,1.929522905452192
105755393,292730880,78.72328206673595,162,5.593279125510141,Movie 1272,Adventure,1,2.7679995477866552
148986933,425724133,28.096147310158727,127,7.078354776010549,Movie 1273,Action,1,2.8574595397570874
15013403,23360274,91.27004423992308,165,6.654173668241495,Movie 1274,Drama,0,1.5559612967160077
188208816,271638801,10.65326155392365,100,7.613881171371776,Movie 1275,Action,1,1.4432841498774425
111651505,317179917,85.47959243931999,139,5.680619006809513,Movie 1276,Thriller,1,2.8408028803552625
66954738,146486933,33.48784716300717,175,5.836953749377814,Movie 1277,Adventure,0,2.187850141389546
130880894,103403327,6.323458854536354,129,6.861457336438921,Movie 1278,Science Fiction,0,0.7900566984207794
174866627,105921852,67.26634143983408,102,3.6484649619983296,Movie 1279,Horror,0,0.6057293711052139
94900039,181408316,23.89671290327959,92,5.617466690185903,Movie 1280,Drama,1,1.9115726180049304
56849014,160622762,25.11354146059856,148,8.831705071558833,Movie 1281,Action,1,2.825427403191197
38003110,99211745,31.298669456648376,83,3.2253139203602736,Movie 1282,Horror,0,2.6106217359579253
14942402,32718172,7.304791982749156,171,4.896028337198363,Movie 1283,Animation,0,2.18961931287888
96785737,82053943,18.53558727562715,157,4.8846589145362245,Movie 1284,Science Fiction,0,0.8477896180095214
90097673,102312976,1.50882313097047,151,6.800784715414636,Movie 1285,Animation,0,1.1355784516210534
97337874,261719940,45.09554258947289,88,3.63480215654484,Movie 1286,Action,1,2.6887780598125657
145887163,120211259,24.32666226797319,137,3.569721884509986,Movie 1289,Thriller,0,0.8240016224045703
110033558,241003264,94.41384025948254,97,7.369100143130893,Movie 1290,Comedy,1,2.190270571819553
178946678,511779583,87.25391111246661,176,4.944811042996778,Movie 1291,Drama,1,2.859955762911676
134799387,158041507,29.654648601852617,151,8.864537686282487,Movie 1292,Horror,1,1.1724200719102678
118204767,199590701,78.5383300110112,160,3.2241176186133296,Movie 1293,Action,1,1.6885165130438438
123287281,257158694,80.52124556181582,122,5.670639982307964,Movie 1294,Romance,1,2.085849342398913
146702236,439910951,98.66974829732663,174,3.678815626044142,Movie 1295,Horror,1,2.998665616794008
117376384,204989286,9.114607729722556,85,8.989334703654304,Movie 1297,Thriller,1,1.7464269984667444
149056822,218040363,65.03688566371171,165,8.33305507043119,Movie 1298,Horror,1,1.4628002937027598
17701250,47165872,62.87299508922749,157,3.289946453132381,Movie 1299,Horror,0,2.6645503566132334
188152343,317962280,64.19670716462275,146,6.3795350629541,Movie 1300,Comedy,1,1.6899193224503188
37992982,29537408,31.40741916231694,91,6.886933828946614,Movie 1301,Action,0,0.7774437921192919
24656190,51434300,86.10827892295296,179,4.257207743700754,Movie 1302,Comedy,0,2.0860603361671046
85656124,207883262,95.98774611258578,91,3.870633440378701,Movie 1303,Adventure,1,2.426951539390225
140796807,71412581,22.553538784837,145,8.42628680799314,Movie 1304,Drama,0,0.5072031285482206
115981624,111928936,20.258968283679923,94,8.95135714391785,Movie 1306,Drama,0,0.965057499108652
30822180,57951043,82.23466178631617,102,7.738570642407807,Movie 1307,Animation,0,1.8801734011027125
54517362,83929138,67.9878188471649,108,6.981012416431543,Movie 1308,Animation,0,1.5394937487987772
120168608,276283797,63.96868689157353,160,5.074381513157988,Movie 1309,Animation,1,2.2991345376988974
144078663,205730504,40.77752037583303,175,4.028389873948514,Movie 1310,Romance,1,1.4279040332294033
159662049,427001451,58.20496917963214,86,3.47388359619739,Movie 1311,Thriller,1,2.67440793647838
150322829,349687113,31.479538402162373,173,7.159784811308952,Movie 1312,Drama,1,2.3262408998436293
175794015,372557254,48.24280786237816,107,7.70834049107615,Movie 1313,Action,1,2.11928292325538
77106218,183902770,98.14291814809076,123,8.48259001982279,Movie 1315,Action,1,2.385057583812501
109015503,64302433,93.31640343539038,109,8.279577381830242,Movie 1316,Adventure,0,0.5898466844665203
96277507,143148852,93.45272834177864,160,8.998447633548555,Movie 1317,Animation,0,1.4868358816145917
30677043,86724560,40.82014974986413,111,4.464384065803507,Movie 1318,Adventure,0,2.8270182364056406
186049252,151501891,47.4101981701723,149,7.579845691273263,Movie 1319,Romance,1,0.8143106697359901
70071029,164158298,70.85790424052917,167,6.518757074248786,Movie 1320,Animation,1,2.342741363195908
76094484,223449894,92.29700087707714,85,4.567470794721494,Movie 1321,Science Fiction,1,2.9364795219585167
186318110,410921741,31.119944518892385,161,8.387388628645514,Movie 1323,Comedy,1,2.20548470033321
50349430,84102950,14.785437614816844,167,3.771094010664698,Movie 1324,Animation,0,1.670385344978086
92636655,180450473,61.58884446598608,103,3.156950053940519,Movie 1325,Comedy,1,1.947938135287808
105904657,75547440,31.323798691866216,113,7.129984573996062,Movie 1326,Horror,0,0.7133533325168128
56842822,34533002,33.28467739874477,119,6.62478377313921,Movie 1327,Action,0,0.6075173748411014
36393865,78871570,8.020679989309944,126,8.614893744666876,Movie 1328,Animation,0,2.1671666364646898
99820870,255369093,35.6298101189516,158,4.404031722962219,Movie 1329,Science Fiction,1,2.558273565437769
88558294,217414006,86.38715423275696,154,3.5063276873699225,Movie 1330,Thriller,1,2.455038327635354
154021524,286405229,24.07420837719266,165,4.555292002631919,Movie 1331,Action,1,1.8595143169729969
114954962,86177947,69.8235591547965,103,3.1135658430687805,Movie 1332,Horror,0,0.7496670478652326
7202258,15989812,63.333206148920674,144,3.2153565071335946,Movie 1333,Comedy,0,2.220110970753894
89225315,98569187,86.48497622854242,97,8.489146835524558,Movie 1334,Adventure,0,1.1047222080415182
77989724,216629853,14.096506817452786,123,5.11209949501127,Movie 1335,Adventure,1,2.7776717481395368
71635601,185941907,97.78140607415928,155,5.464854006058084,Movie 1336,Animation,1,2.595663390888561
76899393,174827495,58.68023595799619,136,3.1102299272286267,Movie 1337,Horror,1,2.2734574120760613
154003904,442316905,99.55194108233462,107,4.623130681031079,Movie 1338,Horror,1,2.872114884827855
22232430,12862673,91.23995786071924,150,7.828355902448586,Movie 1339,Science Fiction,0,0.5785545259784918
126917075,297049548,22.930209939197475,102,6.692945758000315,Movie 1340,Drama,1,2.3405010555120342
101355594,134357679,6.560038980427997,164,7.522683606518492,Movie 1341,Horror,0,1.3256069418329293
41473321,114680563,26.3082702857408,113,5.68328244476271,Movie 1342,Romance,0,2.765164694672028
55148094,64340619,53.22880125094257,90,4.85837533050798,Movie 1343,Thriller,0,1.166687991066382
21153729,48910409,17.98804033945381,165,5.8968605599702215,Movie 1344,Horror,0,2.312141230513069
120378390,324313533,17.578514707280863,114,4.938426410434508,Movie 1345,Thriller,1,2.694117548839123
78582731,117411947,4.293529145766484,121,4.786042293557074,Movie 1347,Science Fiction,0,1.4941189432573934
78973011,189991104,13.066920170694775,107,6.958581842718503,Movie 1348,Comedy,1,2.405772574633124
141411684,231532957,42.170272601386806,161,3.821893333857167,Movie 1349,Horror,1,1.6372972193726227
148796901,173814358,7.249861011588679,157,7.121198962409459,Movie 1350,Thriller,1,1.1681315728477435
103368511,108486634,40.278750589097406,161,8.479798269600202,Movie 1351,Romance,0,1.049513366793104
191978987,159111352,47.926620328896064,171,6.65149892783945,Movie 1352,Thriller,1,0.8287956639754537
138484130,365989168,45.675394793238326,103,6.359132280206863,Movie 1353,Science Fiction,1,2.6428238961388573
48044083,93128098,87.04831088290564,87,8.76670960812984,Movie 1354,Thriller,0,1.9383885004111745
160116793,110634677,53.47618305012151,132,6.764379331895079,Movie 1355,Horror,0,0.6909623589575642
128812971,182828645,41.66021529377496,83,4.754346143086442,Movie 1357,Animation,1,1.4193341212508792
65910615,62901662,81.94471445214413,170,7.231839855215563,Movie 1358,Science Fiction,0,0.9543479756637075
15072989,23947498,89.61060379598348,179,7.412619563353118,Movie 1359,Science Fiction,0,1.5887690225210145
84976173,113039419,85.47100445051464,84,4.820977390734091,Movie 1360,Horror,0,1.330248409751284
145162518,196623975,67.68111123500769,176,5.072063867557981,Movie 1361,Thriller,1,1.3545092611303422
97504946,228899334,14.59881285089875,128,8.946339052434523,Movie 1362,Thriller,1,2.347566389093739
54505232,57675172,28.41012697970921,177,3.611715297481664,Movie 1363,Drama,0,1.0581584534857131
81218637,170936796,5.560243304515766,109,5.427870170640595,Movie 1364,Science Fiction,1,2.1046498970427194
179817575,346440866,93.1515834240213,151,3.3746851871850447,Movie 1365,Animation,1,1.9266240577429652
49730049,95493195,66.41905443940013,142,7.926470171989446,Movie 1366,Science Fiction,0,1.9202312670152408
37413676,80720693,74.8899255470109,126,3.5540750336725937,Movie 1367,Comedy,0,2.1575183630713006
34877350,94103895,84.71969870545689,136,3.338900544020892,Movie 1369,Thriller,0,2.698137759892882
132095752,289151026,26.70072508713937,116,7.037130226858147,Movie 1370,Horror,1,2.188950224531066
87131989,224313272,38.265081289548704,86,5.392929161544345,Movie 1372,Science Fiction,1,2.57440779872476
97337130,196169982,57.50538661494827,119,6.132758960593061,Movie 1373,Romance,1,2.015366407454175
32251097,39599851,48.391780938586734,171,5.409250428031695,Movie 1374,Horror,0,1.227860590292479
111338489,113313332,86.3455381150831,118,4.802932551795833,Movie 1375,Thriller,0,1.0177372893932484
110832220,97623176,11.435123309660527,141,7.819580403762769,Movie 1376,Action,0,0.8808194584571165
16985249,46686301,55.82852062273883,171,4.6320154423859385,Movie 1377,Horror,0,2.7486380093691887
96809238,220273794,51.78495563226984,157,7.337660546336682,Movie 1378,Horror,1,2.2753385787418345
79987338,227439683,28.85790523504414,132,4.237182475531213,Movie 1379,Comedy,1,2.8434460839289337
44309893,88984434,82.40058314512405,83,4.499122776469978,Movie 1380,Horror,0,2.0082294940319536
169787089,285836938,75.53201693233842,161,5.018766975463274,Movie 1381,Adventure,1,1.6835022008063287
128395967,83366374,73.55305954585127,104,6.534938264362729,Movie 1382,Romance,0,0.6492912195598791
61200291,119678509,72.5556754615306,107,7.470868858966922,Movie 1384,Comedy,0,1.955521894495567
104316389,310395734,23.95228787975792,148,4.281403802017154,Movie 1385,Action,1,2.9755222259466825
21080673,23144406,70.85070845331941,146,3.0640337270930047,Movie 1386,Drama,0,1.0978969219815704
130914532,239160347,31.46257852559454,174,7.65934483071132,Movie 1387,Romance,1,1.826843386645571
114474712,243532739,24.975290384399585,99,7.929896003280435,Movie 1388,Horror,1,2.127393332074948
75052985,158472721,8.227355697063105,162,3.356880978650337,Movie 1389,Romance,1,2.1114779245622275
141456523,269224843,74.65882945442,90,6.665445132950379,Movie 1390,Action,1,1.903233850870207
82266262,200920539,71.38909523303131,146,5.269240703238467,Movie 1391,Drama,1,2.4423200242160026
190316724,192686742,24.21544828973528,166,7.7633739311671,Movie 1392,Adventure,1,1.0124530201560216
48226729,111599930,75.18852265569144,86,8.24648732517887,Movie 1393,Adventure,0,2.3140679932906085
65504149,134240038,91.86624742626176,102,8.106022600783493,Movie 1394,Drama,0,2.049336416842848
52048404,142622400,11.694866791666346,140,7.663225484105113,Movie 1395,Romance,0,2.7401877682935294
59771482,156480908,24.03102720029072,150,4.614313372452978,Movie 1396,Animation,1,2.617986082392938
108454264,139674732,75.27581861464424,113,7.8713378614099,Movie 1397,Drama,0,1.2878675936614166
71860062,85556109,28.17616067720075,98,6.200870855437756,Movie 1398,Romance,0,1.190593308978776
192918810,569907882,62.84173345408796,137,3.316539688992545,Movie 1399,Science Fiction,1,2.95413330613018
150950631,274452844,9.035258221907736,88,5.741633099389494,Movie 1400,Science Fiction,1,1.8181629462681743
4138145,11446325,45.768045431250336,127,8.65294750217996,Movie 1401,Romance,0,2.7660521803851728
35780908,75392065,68.964880361282,120,3.613585685982696,Movie 1403,Adventure,0,2.107047283428358
47361481,135855845,87.86776053371372,124,7.834757195749408,Movie 1405,Animation,0,2.86848810745593
110981072,256638504,67.48718655095367,157,5.829651424446554,Movie 1407,Animation,1,2.3124529198997106
188992985,349076189,4.140526689787084,104,7.265927648782098,Movie 1408,Action,1,1.8470325181646288
127192596,82875174,53.96170066753496,98,5.634248932926887,Movie 1409,Comedy,0,0.6515723132186091
35954715,79999217,4.732074766570427,118,3.6767815131994617,Movie 1410,Science Fiction,0,2.2249993359702613
90813693,202082388,80.99871389448624,158,7.235294668090329,Movie 1411,Horror,1,2.2252413851290025
82250937,232483672,32.7517279215358,159,8.469832138411821,Movie 1412,Thriller,1,2.8265170036907907
178688705,311504644,56.68050803767417,106,6.914908370436946,Movie 1413,Adventure,1,1.7432811100175585
91740533,56091038,78.46751429364906,142,5.150175213946971,Movie 1415,Comedy,0,0.6114095500186378
88182130,135721598,88.76375013754836,147,4.099189470759809,Movie 1416,Thriller,0,1.5391054627507863
120558836,151276232,40.46560692709333,98,6.856641969709755,Movie 1417,Thriller,1,1.2547917433443037
175599459,421916466,86.42931695758791,107,4.966627235047313,Movie 1418,Adventure,1,2.402720762368636
91133874,126281421,27.440425738176906,164,8.160441113938756,Movie 1419,Adventure,0,1.3856694054287653
25694812,73812920,53.93143138447686,157,3.73576829986804,Movie 1420,Drama,0,2.8726779553786965
62399188,181318032,86.01738155403169,112,5.600782198398743,Movie 1421,Adventure,1,2.9057755046427847
106565962,218702284,33.26225291896325,89,5.380365602810315,Movie 1422,Thriller,1,2.05227147482608
186425407,447819155,13.06607067635698,109,3.918808803626424,Movie 1424,Comedy,1,2.402135858016392
175004899,326760240,2.809231902627117,101,3.0590809500720657,Movie 1425,Romance,1,1.867149101923141
136488624,129769267,90.50939990524088,82,4.4285112768427055,Movie 1426,Adventure,0,0.950769838517824
17770274,33802369,99.19703039880169,154,4.255930896282102,Movie 1428,Horror,0,1.902186145244581
51709813,137543135,95.1882893359315,127,4.445268382232896,Movie 1429,Thriller,0,2.659903933514515
166572705,283728858,14.565070093595748,81,3.779392827220865,Movie 1430,Animation,1,1.703333436291378
93983350,257907857,54.22087794356402,155,7.292617219659243,Movie 1431,Comedy,1,2.7441866777466437
167091374,365240430,19.30710944924729,133,3.415045143032504,Movie 1432,Comedy,1,2.1858724436606765
72240343,60862319,43.38736212998187,85,4.98724981397113,Movie 1433,Adventure,0,0.8424976470557456
194583172,353768094,23.168534191862364,172,6.330958378740929,Movie 1435,Action,1,1.8180816478826851
199663479,295431216,36.964006843491056,173,7.382497590118413,Movie 1436,Drama,1,1.4796457393192073
118855520,255276033,44.42610252435943,81,6.197258608180484,Movie 1437,Comedy,1,2.147784410854456
86518073,66812135,97.77212956268042,152,8.586155957850405,Movie 1438,Comedy,0,0.7722332766241801
172123438,300456952,74.00358448688267,172,5.1687919709910926,Movie 1440,Comedy,1,1.7455899991958097
159973394,461131315,84.15977829983,153,7.432808299609138,Movie 1442,Action,1,2.882550050791571
140921122,254552768,34.5929607299154,177,8.357787550228963,Movie 1443,Horror,1,1.806349285240576
125681459,131688240,71.1810121645583,134,5.68766184124622,Movie 1444,Animation,0,1.047793692465012
146633104,241564651,99.38461356243904,151,6.182839123186754,Movie 1445,Romance,1,1.6474086983795964
77176890,215977096,32.14826198458468,139,5.494645881489444,Movie 1446,Adventure,1,2.798468505274053
148501420,139626778,67.72773595351276,176,8.102261515798233,Movie 1447,Drama,0,0.9402386724652196
128440874,132922509,84.58717155108586,85,4.378213892172806,Movie 1448,Romance,0,1.0348925919018583
94389281,50269269,91.66495075171656,98,4.438254469454668,Movie 1449,Adventure,0,0.5325739158877585
90817241,48630373,72.07533640307008,175,5.235630621462478,Movie 1450,Romance,0,0.5354751197517661
158785537,408631255,29.07718441829649,106,4.382056992614107,Movie 1451,Horror,1,2.573479063146664
190400564,443691675,33.3019330053257,80,6.366041018489525,Movie 1452,Drama,1,2.3303065163189327
137939592,191405342,3.0550451802724568,112,3.806940638973014,Movie 1453,Thriller,1,1.387602639857018
175756880,506573859,86.60058310567183,148,5.455352881150776,Movie 1456,Horror,1,2.882241986771727
163322048,476513585,12.74740083297934,96,7.489402298961055,Movie 1457,Science Fiction,1,2.9176317027325056
75842172,112396918,18.0157747014565,87,3.680773150239444,Movie 1458,Comedy,0,1.4819844294543674
4875754,12850316,48.17612061239149,136,4.485387048850708,Movie 1459,Drama,0,2.63555462396175
154699943,376342048,74.0501611017055,121,7.844073727202211,Movie 1460,Science Fiction,1,2.4327226028777527
96268888,122742817,14.76121831470869,177,7.577957617738164,Movie 1461,Romance,0,1.2749998421089064
58696034,63397561,44.56703643158335,88,5.316935511562927,Movie 1462,Science Fiction,0,1.0800995685671029
66564145,163306616,22.01627852519054,114,8.463858095007271,Movie 1464,Animation,1,2.4533720969449844
11047595,32042659,12.440279291382542,150,8.773804494673438,Movie 1465,Drama,0,2.9004194125508764
31908587,76866116,83.80567137557831,158,5.567488141126712,Movie 1466,Romance,0,2.408947660389976
130705394,344803111,50.74409932651379,132,4.184841502114098,Movie 1467,Animation,1,2.6380174562650414
96112669,192961634,2.4237423624311445,133,6.759951834548046,Movie 1468,Drama,1,2.0076607590618463
120102305,295578035,98.0985867360439,104,3.75265070670312,Movie 1470,Romance,1,2.461052142171626
175348811,252934321,60.98669334601048,146,7.718898205775435,Movie 1471,Thriller,1,1.4424638499544773
10004644,18808488,50.867130321323,141,3.108361318559763,Movie 1472,Drama,0,1.8799757392666845
125906539,316262470,87.96317044145121,134,5.8963703248607,Movie 1473,Animation,1,2.511882802210932
182735418,112408200,95.29916217877526,125,4.986097556969369,Movie 1474,Science Fiction,0,0.6151418330955415
106650992,268781638,75.69915467434359,103,7.441818359394505,Movie 1475,Science Fiction,1,2.520198199375398
51760636,48899324,45.0998400436945,177,4.876564364530895,Movie 1476,Adventure,0,0.9447203083053308
172856912,308845007,59.62991853381261,125,7.960842676686196,Movie 1477,Adventure,1,1.7867090382824842
55706505,140418752,70.39260113678192,101,6.569720932684863,Movie 1478,Animation,0,2.520688598216672
37532022,41830136,45.27290218942736,127,8.936043827037743,Movie 1480,Adventure,0,1.1145185836244047
92485680,139367688,83.15230520701121,87,7.074950074461341,Movie 1481,Action,0,1.506910994220943
104960587,287235876,65.81780950134586,118,8.909701898169864,Movie 1482,Thriller,1,2.736606989440713
180963197,90681916,41.70920265397356,114,3.173017961530232,Movie 1483,Action,0,0.5011069515974566
89780367,247206446,66.67289086745346,128,5.02883993090285,Movie 1484,Action,1,2.753457735364348
37045138,32767075,12.704018795173528,125,3.647119587373855,Movie 1485,Action,0,0.8845175580126061
193091911,574490131,40.74826344592275,117,4.573829588306637,Movie 1486,Comedy,1,2.975215937450637
60912158,175860556,79.51972525834258,87,8.033327394754647,Movie 1487,Romance,1,2.8871174782545053
39808656,69135214,22.83036992652816,133,3.193939591956542,Movie 1488,Science Fiction,0,1.7366879705760476
146098454,260318315,19.410189248184352,116,6.121097614394362,Movie 1489,Horror,1,1.7818006137149132
158210084,269569945,95.13104733172672,170,6.402772245194238,Movie 1490,Romance,1,1.7038733447610075
21515189,44936819,21.77986532903684,171,6.3669068800317365,Movie 1491,Drama,0,2.0886090751979918
53534223,38908901,26.83093938536664,119,5.851782442939534,Movie 1492,Adventure,0,0.7268042537948108
158606597,92236852,96.99197795152946,113,7.743617788618532,Movie 1493,Romance,0,0.5815448647448126
186013447,119840525,73.73614845623754,175,3.801258537033307,Movie 1494,Drama,0,0.6442573208161666
122821649,197855036,70.2600567693293,158,4.863462093304724,Movie 1495,Animation,1,1.6109133659327437
94050123,111813355,85.43971200160355,96,6.694356320671036,Movie 1496,Science Fiction,0,1.1888698433706462
145780942,299594254,12.466485141442632,112,7.145708197607736,Movie 1497,Horror,1,2.055098903119997
29172140,42760754,50.86517232349565,131,8.2522275799634,Movie 1499,Action,0,1.4658079249585392
193919065,375156431,83.08591338812985,159,5.492960380175486,Movie 1500,Adventure,1,1.9346031345602868
170336878,262150114,51.30603014785424,172,5.416656806089999,Movie 1501,Romance,1,1.5390097381026322
190689119,499258279,62.4038940726223,88,3.2172435689243097,Movie 1502,Adventure,1,2.618179168366707
78632265,216678362,48.296470513554056,112,6.306848017168403,Movie 1503,Adventure,1,2.755591003260557
111654479,300728948,48.33773343202856,139,7.252085031071431,Movie 1504,Animation,1,2.693389022038247
24387092,71598809,77.02902782812133,172,3.6866289811010886,Movie 1505,Horror,0,2.935930573436144
154373781,87807492,63.22807366408104,156,4.832596596527225,Movie 1506,Science Fiction,0,0.5687979618766997
174895929,454649034,63.69305695933163,100,7.687541722697113,Movie 1507,Animation,1,2.59954040439672
146796877,157327501,53.57984013741523,164,4.449614772240239,Movie 1509,Science Fiction,1,1.071736022013602
43607220,126059761,74.82604895427394,148,7.033203981390673,Movie 1510,Science Fiction,0,2.890800216111002
187932742,163585081,82.76815099207991,89,4.180552666029934,Movie 1511,Adventure,1,0.8704448158373596
22900146,50354554,69.95957881226057,85,8.373917517499061,Movie 1512,Thriller,0,2.1988748019335773
145131569,154162459,92.48322589572264,92,3.633590376156846,Movie 1513,Adventure,1,1.0622255382631467
30061846,47451169,82.2120847265729,144,7.239298813696962,Movie 1514,Animation,0,1.578451602739233
195741724,449794857,56.62451519114233,99,5.997292207718251,Movie 1515,Science Fiction,1,2.297899741600314
158686353,302823008,67.46920119172995,136,8.219577374381961,Movie 1516,Horror,1,1.90831159879262
138651110,217509563,92.7045194151984,125,3.75717054615742,Movie 1517,Romance,1,1.5687545739806916
76779042,101029401,62.29763638006278,87,7.067369510976527,Movie 1518,Romance,0,1.3158460742451046
97355770,83680777,69.19223985540872,152,5.880540853440278,Movie 1520,Horror,0,0.8595358754802104
71503913,112637053,55.64169974498618,146,5.9484435805960105,Movie 1521,Comedy,0,1.5752571890715967
84952230,234416667,24.94198134611996,90,7.331861770791185,Movie 1522,Animation,1,2.759393920559825
109092941,163896260,96.80653965853784,89,3.5475099547142888,Movie 1524,Thriller,1,1.5023544007306575
146040542,351632168,66.11877294398741,104,3.1170158856631214,Movie 1525,Thriller,1,2.4077709051504343
188096876,512040806,93.36270592729451,128,3.649016325304556,Movie 1527,Action,1,2.7222185550811595
63076001,117401116,59.064666322707424,168,8.920180776482542,Movie 1528,Animation,0,1.861264413386004
43942594,44432651,53.082169323322894,90,6.716089493753024,Movie 1529,Thriller,0,1.0111522091754528
38747492,44105211,76.17177465987032,141,6.905198371524844,Movie 1530,Animation,0,1.1382726654927755
130987754,162324830,71.5538962796679,115,4.193350217628105,Movie 1531,Comedy,1,1.2392366846751186
118574567,235311963,20.12284083243484,118,4.441873861780047,Movie 1532,Comedy,1,1.9845061968474236
16170521,9411632,47.659519182838,132,6.956101818595501,Movie 1533,Thriller,0,0.5820240423917077
161059574,336631609,47.77902883913894,169,8.458361027605182,Movie 1534,Horror,1,2.0901061677960238
127639062,180084114,38.44422700909113,157,8.8943433271054,Movie 1535,Animation,1,1.410885595508372
13267883,16427025,52.21205473307306,135,4.188185679786562,Movie 1536,Science Fiction,0,1.238104451177328
43639398,117771451,41.89763237498728,80,3.804717736258741,Movie 1537,Animation,0,2.6987414216850563
12984398,21424334,20.73520345764713,135,3.338408146564743,Movie 1538,Horror,0,1.6500059532987206
170613808,125850309,41.82428224019343,83,8.209782108967968,Movie 1539,Science Fiction,0,0.7376326129477164
165933123,425928244,8.155417809744483,109,4.768289081138812,Movie 1540,Romance,1,2.566866917824478
175904668,108903132,58.00280041466674,91,3.01087220321551,Movie 1541,Animation,0,0.6191031382976147
158432789,367068660,85.51180034517009,114,4.342908516338573,Movie 1542,Drama,1,2.316873055867242
4828433,6670511,36.67900996535701,131,8.945917016980111,Movie 1544,Thriller,0,1.381506381055717
87621344,224483223,9.62004935215351,110,6.14124956314249,Movie 1545,Horror,1,2.561969638356609
8152747,13519163,55.00354370898874,147,5.008910068280707,Movie 1547,Drama,0,1.6582340896878072
196246973,120399127,21.49865125492025,131,4.981846125341271,Movie 1548,Animation,0,0.6135081991812429
183562241,224877142,54.85333801721178,159,3.118354478779053,Movie 1549,Drama,1,1.2250729821935438
105981218,156805561,85.04346307813121,101,7.171178758219267,Movie 1551,Action,1,1.4795599065487246
92351453,172397195,40.32987581120551,172,3.721505919424408,Movie 1552,Romance,1,1.8667513005994607
2020154,3696991,25.309511968504616,154,4.3844056596367125,Movie 1553,Horror,0,1.8300540453846588
125284044,247571008,81.4202918444591,135,5.1044237904258525,Movie 1554,Drama,1,1.9760777198411636
39499601,25806171,34.94105751573962,176,7.546409667013762,Movie 1555,Romance,0,0.6533273842437042
7733215,10868574,12.037281096039411,137,6.494405789207638,Movie 1556,Adventure,0,1.4054405573878392
33339834,76942358,57.47053964896052,172,7.1339999099314095,Movie 1557,Horror,0,2.307820668813168
41739629,41798090,58.57485623936088,143,6.402073952521033,Movie 1558,Drama,0,1.0014006113949887
165118515,166595655,71.75487184833769,91,7.101554551331214,Movie 1559,Horror,1,1.008945938013069
74823165,39299110,24.78172388763017,86,3.0170529219838347,Movie 1560,Science Fiction,0,0.5252265124042802
112855600,179858513,44.93336257013226,134,8.585388866228577,Movie 1561,Action,1,1.5937048139392285
116667420,315799566,28.954423985222967,141,3.665521385248839,Movie 1562,Adventure,1,2.706835944430759
162476925,102320226,9.014419875453124,169,5.437494575861429,Movie 1563,Adventure,0,0.6297523540650465
183001908,178938675,87.78476887457327,152,7.626230221469129,Movie 1564,Horror,1,0.9777967724795524
182596907,232849647,73.15811064434577,177,5.611384308056543,Movie 1565,Drama,1,1.2752113429829346
11760888,27394775,30.84484288642127,156,8.681055310005096,Movie 1566,Horror,0,2.3293117832599037
79414095,166895787,60.33792629432664,134,5.8055336909926005,Movie 1567,Comedy,1,2.101588981150009
94144811,144969806,20.92511502531277,115,8.249636433616029,Movie 1568,Romance,0,1.5398597592383505
101018552,242209388,89.13342555778132,168,7.864968680173625,Movie 1569,Animation,1,2.397672340423173
79483721,160881213,12.37572799282912,103,8.885917816792098,Movie 1570,Adventure,1,2.024077521483928
126410205,346376855,1.379877405272289,123,8.559286684505853,Movie 1571,Drama,1,2.740101995720994
103522878,117191419,58.72965452183406,81,7.3896260431168095,Movie 1573,Adventure,0,1.1320340128101924
97719187,115171486,58.31756670928464,92,5.201988883609324,Movie 1574,Adventure,0,1.178596440840221
193293440,157223181,6.396680816344803,110,3.636752511389415,Movie 1575,Science Fiction,1,0.8133911890646677
15372528,20636263,32.09033688492482,172,7.13187031358634,Movie 1576,Adventure,0,1.3424118011038912
129036268,386961676,50.42069573729185,107,8.87192448802779,Movie 1577,Romance,1,2.9988597934342
181913293,275485474,22.441339377096845,139,7.359626623991214,Movie 1578,Science Fiction,1,1.5143779184954889
160940253,169183787,87.38996266310374,106,8.572376215664013,Movie 1579,Animation,1,1.051221082646117
174180913,419115368,9.62381965668197,94,7.8258282777331,Movie 1580,Action,1,2.406207205952583
199891843,371034743,49.25105972553224,174,3.9786880507000726,Movie 1581,Comedy,1,1.856177507953639
121488081,106181023,69.45018969380206,158,4.495222623547724,Movie 1582,Romance,0,0.8740036234501062
199031293,288938545,26.91335891331376,112,5.051193610574102,Movie 1583,Drama,1,1.45172420198265
115282788,177094454,62.79983296275429,99,4.009562666028025,Movie 1584,Animation,1,1.536174281281261
181788888,433489101,83.10912986409508,121,6.48990799603804,Movie 1585,Science Fiction,1,2.384574248564632
118105071,65156019,19.843360534409708,91,8.852703144809707,Movie 1586,Action,0,0.5516784203110128
77767936,91186724,91.80483859066142,152,7.568753000616952,Movie 1587,Drama,0,1.172549108156863
152780276,274086402,55.80229473357344,102,5.540320494404771,Movie 1588,Animation,1,1.79399075048143
194705934,228218107,30.623968425805,151,3.027026885881732,Movie 1589,Horror,1,1.172116854949064
41057648,85033883,43.6549692628448,175,4.879656066829073,Movie 1590,Science Fiction,0,2.071085099662796
72425912,123462185,31.906996494852407,93,6.160555726153292,Movie 1591,Comedy,0,1.7046686964742674
133086923,186890723,72.7860048333983,170,4.945505243111824,Movie 1592,Romance,1,1.4042756327005923
82242298,236283895,79.83376567809809,104,3.666209538143157,Movie 1593,Comedy,1,2.8730215563772306
54520377,113424124,83.46080183954744,156,5.656589741171367,Movie 1594,Action,0,2.0803987470592875
157100668,129585024,98.59105670898838,164,4.519516901794297,Movie 1595,Animation,0,0.824853424557049
116581866,285838873,60.53702299816777,133,3.6105271710060944,Movie 1597,Thriller,1,2.4518296267448663
112902075,256425929,34.5828095407866,84,3.2949157723482623,Movie 1598,Horror,1,2.271224235692745
183883013,171052221,54.91494942236419,92,3.0318850149291725,Movie 1599,Comedy,1,0.930223070686796
193545574,567291754,5.065749106250137,107,4.968418106913947,Movie 1600,Romance,1,2.9310499965243326
18687991,30312558,74.73768247746139,122,6.962321029205332,Movie 1601,Drama,0,1.6220340645497957
40509310,36359637,45.14959896411808,168,7.3824825172907556,Movie 1602,Adventure,0,0.89756248625316
32061293,30473918,2.9822997434865743,178,5.719570100290339,Movie 1603,Thriller,0,0.950489364231193
129425994,324703321,39.35917991835391,150,5.159484217292181,Movie 1605,Action,1,2.508795265655831
124368509,100126131,58.75873038282507,117,7.006837319919701,Movie 1606,Adventure,0,0.8050762351746132
181534424,147553565,46.95619094626054,175,3.2435759118142404,Movie 1607,Comedy,0,0.8128131389559481
11679043,30671257,62.30122741192333,146,5.344517907402025,Movie 1608,Action,0,2.626178960039791
190716026,259661816,48.54913162034422,141,7.745098065799075,Movie 1609,Horror,1,1.3615102068034912
115161223,66464696,66.50868070265332,118,7.818036182754008,Movie 1610,Romance,0,0.577144756442887
23470291,14780139,22.69348040240929,116,7.296892673254168,Movie 1611,Romance,0,0.6297382081883859
109773212,93902872,12.17147553117852,165,4.225431723419186,Movie 1612,Drama,0,0.8554261125200564
106856574,110434492,60.04696150794034,87,4.483230713583799,Movie 1613,Thriller,0,1.033483368089267
185980789,402251429,48.98426217669444,160,8.976532363587074,Movie 1614,Animation,1,2.1628654828429617
195290548,174456112,3.6598977504485934,131,3.6202680432117593,Movie 1615,Science Fiction,1,0.893315696978842
78921522,62915130,38.66770666381055,170,4.083976193414456,Movie 1616,Adventure,0,0.7971859691200582
55496748,133846937,11.506432963608551,112,3.780157533900796,Movie 1617,Romance,0,2.41179784083925
186412937,405939934,53.60432634351682,160,4.965929782101694,Movie 1618,Action,1,2.1776382075885645
40043896,63602142,40.18199028638264,121,4.26105501140354,Movie 1619,Thriller,0,1.5883105380155818
142674713,267268891,61.70203919919877,155,5.986127757286633,Movie 1620,Adventure,1,1.8732744253005784
158762472,203209621,80.75461965825359,106,5.856124241280719,Movie 1621,Animation,1,1.2799600462255336
85912633,146588520,30.66719970030759,87,8.40903371670782,Movie 1622,Horror,0,1.7062510469211205
128064322,226248884,96.24810831233772,102,3.208439684668689,Movie 1623,Comedy,1,1.7666816211309813
59865527,87888171,54.02781555816987,143,4.91927746000658,Movie 1624,Animation,0,1.4680931648693245
162599237,449819492,62.21078907672401,172,6.5799473519825415,Movie 1625,Drama,1,2.7664305214421145
21521013,11624675,68.38656494934797,99,6.628810571063783,Movie 1626,Science Fiction,0,0.5401546386315551
136732270,335736265,67.00642145590139,95,5.880757374085255,Movie 1627,Science Fiction,1,2.455428151671877
124798230,101206007,51.58610356146114,96,7.893993244887802,Movie 1628,Horror,0,0.8109570704648615
38735088,96600211,43.44766482035367,159,3.3763330284867528,Movie 1629,Comedy,0,2.493868375876673
79427656,162014927,6.324414453560412,98,7.892926593480816,Movie 1630,Thriller,1,2.0397797840087337
150353491,392151257,3.186498684816794,87,5.968525442614221,Movie 1631,Thriller,1,2.6081952230826486
108509488,80707817,36.4381582587437,117,3.802564170462013,Movie 1632,Adventure,0,0.743785806085455
44951994,85294232,34.03242817273557,117,8.314211481242866,Movie 1633,Comedy,0,1.8974515791223856
92233769,161659943,39.38182032906167,132,6.895372677245781,Movie 1634,Animation,1,1.7527196899001276
36383985,66791041,74.07865878314752,179,3.20189834039416,Movie 1636,Romance,0,1.8357263779654704
37595773,69621221,85.83947706284766,169,3.846657889995896,Movie 1637,Comedy,0,1.8518364019274187
125106967,196917097,93.93274890202946,110,6.652787761082362,Movie 1638,Action,1,1.5739898562164008
97362498,123853476,49.74386804844296,123,4.07577741156029,Movie 1639,Action,0,1.272086055146202
15315679,26123354,70.38570421341743,139,4.354578449250169,Movie 1640,Thriller,0,1.705660845986652
159658533,463613789,42.41081999825511,96,7.337584033431622,Movie 1642,Romance,1,2.903783344921502
156982967,358867286,31.631866692174,158,7.862186398556623,Movie 1643,Thriller,1,2.286026903797786
159803950,460421993,93.73573102949553,152,7.781089060632739,Movie 1644,Romance,1,2.8811677871541974
150744728,160817257,52.05197855663024,118,3.765408908185705,Movie 1645,Romance,1,1.066818449531449
131738504,355476928,50.22813477249692,121,8.419806764332556,Movie 1646,Horror,1,2.698352548469808
86561923,218307002,18.66319355978608,127,7.03367297684448,Movie 1647,Adventure,1,2.5219749565868588
76532173,167825950,11.70734644276232,91,8.385171734261187,Movie 1648,Comedy,1,2.19288102534342
125497505,258847761,84.36857938586765,175,5.682963027183981,Movie 1649,Thriller,1,2.0625729650959994
86607690,111842933,61.79918444256429,168,5.6217291665021865,Movie 1650,Drama,0,1.2913741608857134
11569320,29397954,33.25663381792542,97,7.707219112109372,Movie 1651,Science Fiction,0,2.541026957504849
70448631,123552009,19.981885521636386,158,3.5597871328604613,Movie 1652,Action,0,1.753788643529496
68001666,46052696,55.99423073679351,175,6.125244219809314,Movie 1653,Thriller,0,0.6772289373028008
99609786,127715474,58.8080096368524,85,8.018305413787354,Movie 1654,Animation,0,1.2821578996264484
20391451,57875887,21.49236652326076,122,7.981155378417428,Movie 1655,Drama,0,2.8382427027875554
169263196,444603747,85.28916904125592,114,8.736797138054214,Movie 1656,Animation,1,2.626700650270127
60047560,177426383,9.342172249429256,177,7.189635561183279,Movie 1657,Animation,1,2.9547642402122585
191596290,396601150,36.25321543147575,133,4.24662377663837,Movie 1658,Thriller,1,2.069983453228661
78960088,88338586,68.35805696248968,141,3.121681889367485,Movie 1659,Romance,0,1.118775171577823
171482401,155540989,28.137916018100867,148,5.876494791762612,Movie 1660,Animation,1,0.9070376207293716
72087566,39611335,74.24691483343994,95,4.441575506993589,Movie 1662,Animation,0,0.5494891449102332
130888295,193283435,79.11326161026528,87,3.748184682741619,Movie 1663,Animation,1,1.4767052699402952
106169850,103894545,12.791547051794913,168,6.517248997143054,Movie 1664,Romance,0,0.9785691983176016
135823137,207692408,14.914165671558749,175,7.585534044144848,Movie 1665,Animation,1,1.5291386474161617
144680471,410528822,29.36090003671378,169,8.958924621540962,Movie 1666,Science Fiction,1,2.837486076472615
12377787,19511731,52.28963935455855,165,7.549815703263111,Movie 1667,Romance,0,1.576350522108677
22827621,61519553,75.05359159324084,110,7.761794485533485,Movie 1668,Comedy,0,2.694961205112
42892167,86374612,83.81655818532944,89,6.698765269372785,Movie 1669,Romance,0,2.0137619066903287
36280122,40554968,70.72919627976087,135,8.915535953820108,Movie 1670,Science Fiction,0,1.1178288760991488
155275716,215776864,92.9310912715332,155,6.839738310687423,Movie 1671,Thriller,1,1.38963689595867
141026769,100100636,74.1356074519771,171,8.161519718398226,Movie 1672,Science Fiction,0,0.7097988325890101
80655365,107566550,31.320520813456856,149,8.674707877445734,Movie 1673,Romance,0,1.3336564777804925
106750564,234194977,27.243047149518688,99,8.579151003003366,Movie 1674,Romance,1,2.1938523622226485
141373307,96173112,69.9230525798079,84,5.288492062700139,Movie 1675,Action,0,0.6802777273930503
34957164,86069940,82.34251540811657,138,3.63238160897484,Movie 1679,Science Fiction,0,2.462154538623328
186055455,434200753,11.03660440451649,172,4.107907475362186,Movie 1680,Animation,1,2.3337168641467674
70058877,55379958,79.3972410557772,159,5.046565899524411,Movie 1681,Adventure,0,0.790477386612977
129452956,317482045,81.34562843080326,133,6.261237879450455,Movie 1682,Action,1,2.452489729164624
136350386,335854456,48.74512600807281,125,7.270092356130516,Movie 1683,Horror,1,2.463172022116608
53316857,106780694,6.673720691038194,101,4.265564016639072,Movie 1684,Action,0,2.0027567266390065
38877058,115694410,18.284395273471453,143,7.035134425428836,Movie 1685,Science Fiction,0,2.97590445244082
152651895,200452510,71.0352012410313,87,7.225554447014518,Movie 1686,Horror,1,1.3131347632467976
160394855,457635572,71.466016554104,99,6.351734021197137,Movie 1687,Thriller,1,2.853181119805869
189028967,526791177,89.93717224159887,130,8.421707218792264,Movie 1688,Drama,1,2.786827782855101
14881178,7867703,58.6859285089037,157,3.665968883530864,Movie 1689,Animation,0,0.5287016256374327
74135852,120492356,13.286629403663962,118,4.062728745614517,Movie 1690,Romance,0,1.6252913097970467
16590661,48822343,13.02007564499224,116,5.5719889463369086,Movie 1691,Romance,0,2.9427605687320115
92312343,69954607,72.39210337832554,129,3.7602764114054334,Movie 1692,Science Fiction,0,0.7578033958037442
144674535,270463507,19.19468184568221,113,6.397776862344525,Movie 1693,Thriller,1,1.8694617335386632
164559776,485022458,33.51016446204393,154,5.390402799656546,Movie 1694,Animation,1,2.947393766505856
139902074,264238441,49.23398868526948,112,4.707574767215511,Movie 1695,Animation,1,1.888738554369108
153042287,149145563,3.451722880038969,110,4.019938878105823,Movie 1696,Horror,0,0.9745382529470432
90605800,177175843,25.633083674973253,133,5.012029430089262,Movie 1697,Adventure,1,1.955458072220542
93379916,94416567,41.38107124222073,123,6.647756104994052,Movie 1698,Horror,0,1.0111014342741538
43827096,30026186,14.500662419289018,150,3.981744001261403,Movie 1700,Thriller,0,0.6851055338003686
187118499,376801770,73.07321352182355,141,3.7495188644438,Movie 1701,Romance,1,2.013706672582918
50352346,90230137,81.5016178616305,102,3.160060575653235,Movie 1702,Romance,0,1.7919748366838757
12667877,29774621,26.49041863822876,125,3.074553562763594,Movie 1703,Science Fiction,0,2.350403386455363
8393979,17432205,77.66752996602403,135,8.278862614318111,Movie 1704,Horror,0,2.076751085510221
145332806,272355956,39.16980287573007,86,3.2705331360323395,Movie 1705,Romance,1,1.8740156713137432
29506244,65635079,51.16189329454628,168,7.387326659239478,Movie 1706,Action,0,2.224447103467321
26214698,22540833,85.74410641442213,140,8.231910577469742,Movie 1707,Action,0,0.8598547654449423
103285868,205373532,75.24541449843838,82,3.5883470913747457,Movie 1708,Drama,1,1.988399148661848
126616114,356273120,14.547671492049323,163,8.77381789904566,Movie 1710,Thriller,1,2.813805516097264
18486878,12401649,7.902223157539218,113,8.00483196314151,Movie 1711,Adventure,0,0.6708352270188617
58195030,91711693,89.44706817971073,123,5.93822419114713,Movie 1712,Comedy,0,1.575936862649611
23098345,51728597,39.39559268753834,109,7.575426676749317,Movie 1713,Adventure,0,2.2394936520343776
17620937,28987419,29.500088128898405,96,8.000265746589983,Movie 1714,Comedy,0,1.645055481442332
98147242,184855181,83.80514406140581,89,8.352917501219766,Movie 1716,Adventure,1,1.88344753487826
177631220,373750256,86.38647256793179,178,5.82283991806294,Movie 1717,Adventure,1,2.104079767058966
145746022,329310335,32.28371697139751,163,6.16684418135298,Movie 1718,Romance,1,2.2594807767720755
154587614,221547167,85.36902672896572,97,8.998245826930987,Movie 1719,Animation,1,1.4331495342181813
5810833,11093751,5.0524604930601935,124,8.059817796912967,Movie 1720,Comedy,0,1.90914985854868
24480675,39823110,5.916487654512169,170,5.17062003463788,Movie 1721,Adventure,0,1.6267161751054655
85328141,186027301,62.72840032224129,138,3.0620735788362,Movie 1722,Action,1,2.1801400900085235
29500556,57788415,7.247530542439077,141,6.757044442763368,Movie 1723,Comedy,0,1.9588924018923572
33073692,60008594,33.13630768250599,138,7.223480556768647,Movie 1724,Adventure,0,1.814390543396244
38316107,43060059,67.60284263844548,128,6.904816140860278,Movie 1725,Horror,0,1.1238109080340548
28427110,14357006,34.389422709368404,179,8.807174106979279,Movie 1726,Action,0,0.5050462744893871
25192961,23560562,18.780378362569497,142,8.177826163992865,Movie 1727,Comedy,0,0.9352041627818184
160077599,126887926,28.85371156353032,166,5.692990159083891,Movie 1728,Romance,0,0.7926650998807148
93763660,152151403,46.29995789279275,111,3.377144924834286,Movie 1729,Horror,1,1.6227118587307705
60844250,123553094,48.06319968019276,89,5.856352617011981,Movie 1730,Science Fiction,0,2.030645360900989
188630704,194801290,78.51702290337299,90,7.135464119772139,Movie 1731,Romance,1,1.0327125217112056
30263888,86180740,75.26516971371974,149,6.646258849362027,Movie 1732,Science Fiction,0,2.847642708696252
43106078,22273139,46.22496265105738,141,6.2288224062653095,Movie 1733,Action,0,0.5167053008162793
8281505,20130289,84.72106756077837,126,5.812913748091448,Movie 1734,Drama,0,2.430752502111633
39679227,81858718,12.309476720548188,113,4.762571238164318,Movie 1735,Comedy,0,2.063011913009293
39965695,57306290,26.279981672661247,179,4.664080570347776,Movie 1736,Thriller,0,1.4338869873275069
172735895,108171080,82.9696698867229,96,6.001388873554811,Movie 1737,Comedy,0,0.6262223610211416
27540396,56973269,38.42140982398916,133,3.9636188785778943,Movie 1738,Romance,0,2.068716404804056
129184994,189131195,98.13697432059035,155,5.0441125414488095,Movie 1739,Science Fiction,1,1.4640337793412754
15812143,44917046,47.1590748712557,164,4.943875648260597,Movie 1740,Drama,0,2.8406678335757527
192042885,356234786,79.40162667341265,119,6.522796809505206,Movie 1741,Adventure,1,1.8549751843188569
144206866,410863931,40.82839709685482,98,3.4000938021781475,Movie 1742,Science Fiction,1,2.8491287717188167
48364509,50841218,43.07039838718061,146,7.97801208159057,Movie 1743,Action,0,1.0512092245162667
80146438,185484085,38.90543158113417,161,6.374270282306413,Movie 1744,Animation,1,2.3143147671765525
110487327,259481760,55.20427052193945,143,7.218563422556597,Movie 1746,Animation,1,2.3485205683363124
119633441,124020358,94.43403302546854,162,4.748904821055219,Movie 1747,Romance,0,1.0366696549336902
127152510,274965559,25.83814133687637,126,5.8222294043092,Movie 1748,Drama,1,2.162486285170462
74663899,130296043,10.955710476260991,85,8.737475735218004,Movie 1749,Science Fiction,0,1.7451009757741154
167674709,119175350,35.27349178135244,131,4.053600838251104,Movie 1753,Drama,0,0.7107532836093964
2656671,6689426,65.7248883613217,127,3.387215303068057,Movie 1754,Romance,0,2.517973057258501
23922481,60837997,62.10473871645135,118,5.146879678215657,Movie 1756,Thriller,0,2.543130748018987
178715391,285223053,23.90440658368149,91,7.843265978552505,Movie 1758,Adventure,1,1.5959624484720514
89785936,268518822,41.01992256859688,89,5.201959602491684,Movie 1759,Science Fiction,1,2.990655708038729
91126859,97772729,99.33325444654491,150,4.902005818405824,Movie 1760,Comedy,0,1.0729298702153225
21833173,40766680,86.98714579669662,134,8.099925559014062,Movie 1761,Animation,0,1.8671898949364805
91503568,199174792,56.89934593172399,80,8.077724018918762,Movie 1762,Science Fiction,1,2.176688804091224
85483977,192524370,52.14613159357326,128,5.13819982653034,Movie 1763,Animation,1,2.2521690819321614
155936181,157505158,29.17543784816342,115,7.994992205915797,Movie 1764,Action,1,1.0100616610586353
144379136,308247323,52.20373334165941,100,8.104670941995963,Movie 1765,Animation,1,2.134985230830028
53374647,135887790,84.96996832971477,116,5.543583210177998,Movie 1766,Drama,0,2.545923910278976
172432145,479155002,29.714358789620672,134,3.0095078667980406,Movie 1768,Thriller,1,2.778803233005076
155571455,89260699,20.94492818429976,104,6.13975477733397,Movie 1769,Science Fiction,0,0.5737601348525023
135766876,188706125,27.255645162686083,86,5.064452960222134,Movie 1770,Animation,1,1.3899275770328543
37328139,20139762,17.806160937889825,160,8.982791364950195,Movie 1771,Science Fiction,0,0.5395329780571166
22845218,63462204,42.49448126976344,173,7.567652738102475,Movie 1773,Romance,0,2.7779207009536964
137991667,191415427,12.216660835428502,150,8.731456609724063,Movie 1774,Romance,1,1.3871520734654217
37989387,39446696,55.185143749609125,150,4.909124876738332,Movie 1776,Romance,0,1.0383609506518228
106600006,212426034,17.295328096257897,103,3.995923329623258,Movie 1777,Romance,1,1.9927394187951544
14426716,28666000,7.324096975659382,90,7.475353590392894,Movie 1778,Science Fiction,0,1.9870079926713744
96019914,137356581,32.42149615276064,152,5.269643362097238,Movie 1779,Comedy,0,1.4305009792031265
39710304,52917442,22.811590763574785,91,5.839035909785739,Movie 1780,Drama,0,1.3325871793879998
48718021,132143284,52.0152136114433,114,6.782386387648962,Movie 1781,Horror,0,2.7124107524810994
27996639,40824995,11.134341373737724,142,8.447236061611445,Movie 1782,Thriller,0,1.4582105730620023
88649202,153695773,75.42530798061483,147,5.514526522025796,Movie 1783,Horror,1,1.7337524707780223
11774986,14227267,90.71711842407872,179,7.699901341316168,Movie 1784,Adventure,0,1.2082619036659576
5421590,13374649,74.60008222166324,171,4.610038747647945,Movie 1785,Horror,0,2.46692372532781
37089369,55397437,53.74987670273803,136,7.187830745541682,Movie 1786,Thriller,0,1.4936203686830043
146763809,261830688,86.20611435709962,92,3.009476526467471,Movie 1787,Drama,1,1.784027614055724
102475757,116145297,69.79691959836924,102,8.22904328094381,Movie 1788,Action,0,1.1333929155556275
30221379,37134197,40.014925124675806,118,7.276522528575505,Movie 1790,Comedy,0,1.228739330524924
171482786,416164084,85.2442380412732,167,3.277549135567704,Movie 1791,Horror,1,2.426856325975483
60644300,95135086,35.240026939551655,159,4.59747419636402,Movie 1792,Horror,0,1.5687391230503114
180142120,182942161,4.4863021790268265,176,5.983214421339318,Movie 1793,Action,1,1.015543510867975
166888038,417102757,74.87178421667495,91,5.519632112089429,Movie 1794,Animation,1,2.499296905869311
117067598,156170162,80.40178875800399,113,4.151016687606063,Movie 1795,Comedy,1,1.3340169668467956
193455542,515168890,16.89877580928755,150,5.0028894702554245,Movie 1796,Drama,1,2.662983363898668
58641756,163501599,54.19670918747494,154,7.366238220365802,Movie 1797,Action,1,2.7881429573834726
27552476,73001926,20.00358846057685,110,7.015542555477889,Movie 1798,Animation,0,2.6495595531958727
143891891,84539333,72.20420748537053,172,3.430887502583494,Movie 1799,Horror,0,0.587519785948188
118884703,293458967,27.88349506257108,141,7.483894953437318,Movie 1800,Drama,1,2.468433361018701
86388417,132031621,32.30529713376968,92,3.3182752871821704,Movie 1801,Adventure,0,1.5283486558157444
99023086,265808392,84.65211451037004,110,6.2575583345987065,Movie 1802,Adventure,1,2.6843072937557206
183766675,384970171,48.155912868483526,81,4.560376488253144,Movie 1803,Adventure,1,2.0948856532339173
127749717,330119044,67.30569067060654,94,6.526140765358913,Movie 1804,Science Fiction,1,2.5841078301566807
28209162,49325960,40.834932021524295,136,4.567970375645411,Movie 1805,Drama,0,1.7485794154395653
100898906,185408173,30.502678862181785,154,8.909747817754987,Movie 1806,Science Fiction,1,1.8375637591154852
58396048,50277191,62.92232798204147,113,4.858369102365192,Movie 1807,Drama,0,0.860969067632796
111538109,274380223,16.330899833803308,147,4.451763814046976,Movie 1808,Adventure,1,2.459968395196659
112917803,174850285,37.92698372111944,154,4.670791745492076,Movie 1809,Comedy,1,1.548474025836298
135442423,237051368,21.694666701206305,108,8.378837143555772,Movie 1810,Romance,1,1.7502002899047369
188991004,465436515,69.8837017271338,145,6.817312972016069,Movie 1811,Horror,1,2.462744284907868
27267668,54456627,94.47667499626463,95,7.384104584524659,Movie 1812,Comedy,0,1.9971134678623783
149281646,149691695,99.55558583357076,118,8.508063060566101,Movie 1813,Science Fiction,1,1.0027468145682157
193102351,381489460,45.57740423371748,156,8.471234909070045,Movie 1814,Comedy,1,1.975581643747051
193672612,294204606,26.000508574008,116,7.433675079472366,Movie 1815,Romance,1,1.519082140535183
59093498,98911515,44.84010766804809,160,4.186946573047937,Movie 1816,Drama,0,1.6738138432759555
117052051,66810757,84.87967158630966,100,8.060239924050034,Movie 1817,Comedy,0,0.5707781831178678
98042181,100500429,21.39456217665195,123,4.222656205146382,Movie 1818,Drama,0,1.0250733712257991
44353746,53339602,95.25746951363944,98,7.457392884590591,Movie 1819,Comedy,0,1.202595199061653
105003512,239660017,34.84471111101695,150,7.113618399269246,Movie 1820,Thriller,1,2.282400011534852
21610500,11426145,98.59456228558018,87,7.553333100842679,Movie 1821,Adventure,0,0.5287311723467759
148463424,225952891,84.02227986586226,156,6.196114084282894,Movie 1822,Drama,1,1.521943148771781
36402297,102292899,81.04848288059165,145,6.832357093495318,Movie 1823,Thriller,0,2.8100671504328423
83030459,64738976,32.47256270355507,120,8.71992048260553,Movie 1824,Science Fiction,0,0.7797015309767227
159581669,285820498,1.868943982845017,154,3.606531565045289,Movie 1825,Thriller,1,1.7910609645271978
183341134,452175330,38.8311579737728,167,4.85308364868972,Movie 1826,Action,1,2.4663059518329367
110971388,316970712,30.879127596606672,149,6.668142078590295,Movie 1827,Romance,1,2.856328263642156
56229602,133092184,4.702302050470932,140,8.784324780788936,Movie 1828,Science Fiction,0,2.3669415977726467
134719871,310046179,51.03116039408704,105,3.5734466859756067,Movie 1829,Horror,1,2.301413864922718
115533144,296483490,40.90009981699093,150,3.1352953291805186,Movie 1830,Horror,1,2.5662202181566185
118785367,191898122,63.82109030641095,162,3.334497590821968,Movie 1831,Comedy,1,1.6155030442428149
2074961,5217720,62.49744589721424,149,3.314434118767193,Movie 1832,Thriller,0,2.5146111179920974
147168299,76514419,12.953916953771332,108,8.446895146664426,Movie 1833,Romance,0,0.5199110101829743
154372879,434004319,97.71958906653563,145,7.327547447602948,Movie 1834,Drama,1,2.811402636340027
186683482,300236747,19.50621151470325,98,7.0626381971776695,Movie 1835,Drama,1,1.6082662685710991
132827271,250173585,45.08212845170575,147,6.135436921570857,Movie 1836,Animation,1,1.8834504625183484
148084347,168402351,49.32363679993976,137,7.691715701832911,Movie 1837,Comedy,1,1.1372056156617285
70583832,166318594,81.4932169241979,149,3.933887956569545,Movie 1838,Science Fiction,1,2.356327069349253
115232628,309006606,43.43578364164465,116,5.940025504586061,Movie 1840,Thriller,1,2.6815895060555244
124085319,318935511,63.221714853384185,140,3.6624569860603575,Movie 1841,Drama,1,2.5702920665417315
90858638,94506638,22.3004065407815,171,5.517082256025102,Movie 1842,Science Fiction,0,1.0401502826841846
70551130,178022442,63.1193219778412,109,4.899010675575722,Movie 1843,Thriller,1,2.5233109944518253
139655405,344375471,92.44281891741562,150,3.213492874760776,Movie 1844,Action,1,2.4658943275414225
131371121,273323068,99.75429498609482,152,3.820412416375412,Movie 1845,Animation,1,2.080541491306906
48347699,69320952,4.212656602276896,104,7.5842209390048305,Movie 1846,Action,0,1.4338004379484532
190700011,526121518,24.98345860089197,97,7.795428565220749,Movie 1850,Thriller,1,2.758896107247734
140698868,97659357,21.14531146097594,89,8.391699245660824,Movie 1851,Horror,0,0.6941019383325814
159209559,409515355,95.5008303993325,171,8.646813509102682,Movie 1852,Comedy,1,2.572178188119973
197915003,271583952,91.93363867428128,90,8.204862140975836,Movie 1853,Drama,1,1.3722251869910034
129897401,234334715,5.65225759930863,176,4.725300236552659,Movie 1854,Thriller,1,1.8039984880067
106644558,265141202,34.542489138879965,144,4.998522788030862,Movie 1855,Romance,1,2.4862140832352644
190074584,515281052,41.10970681416226,156,5.559274191660456,Movie 1856,Animation,1,2.7109413639437454
6290717,8567664,24.662438931928392,163,3.835780136442605,Movie 1857,Animation,0,1.361953494331409
154876934,256260722,63.25841680182938,144,3.133634730403343,Movie 1858,Drama,1,1.6546086972511995
1797968,2762200,64.39769391777986,131,8.214729685686208,Movie 1859,Drama,0,1.5362898561042244
193442237,103129392,85.1999186045311,146,6.324772297262738,Movie 1860,Adventure,0,0.5331275816459877
56940773,70598428,74.34605757013657,161,6.6523376530692975,Movie 1861,Action,0,1.239857210930382
164381167,270895738,54.7147593696296,157,8.561930848906773,Movie 1862,Romance,1,1.6479730795438383
154869243,236599011,65.70509023439757,110,6.990721068681694,Movie 1863,Animation,1,1.5277340188199926
8339838,19221851,28.12488937275879,170,7.145121026038881,Movie 1864,Science Fiction,0,2.3048230673065837
114900245,167985197,59.71256280676841,96,7.721811890620453,Movie 1865,Science Fiction,1,1.4620090409728892
84629045,145853176,49.43349822024201,134,3.698090699144423,Movie 1866,Drama,0,1.7234411188262848
58661940,92335153,14.201102264320667,172,5.160972919282749,Movie 1867,Animation,0,1.5740214694570278
82576052,194182984,25.011883381714103,115,8.809247566220197,Movie 1868,Comedy,1,2.3515653666755587
77107468,141085284,92.50664713820323,132,8.304451777861109,Movie 1870,Science Fiction,0,1.8297226930081527
106573072,263617071,23.808277299203056,96,5.712531062033834,Movie 1871,Adventure,1,2.473580483820528
50909831,63228315,29.635146379147148,165,8.143157721520835,Movie 1872,Science Fiction,0,1.2419667038376143
117387604,217569005,37.5660588788538,104,3.290375291674594,Movie 1873,Romance,1,1.8534240208190975
43721553,59595750,66.71053112391331,81,3.8911045455427047,Movie 1874,Thriller,0,1.3630748660734902
76134271,116904349,12.705600854741911,165,5.483806190904325,Movie 1875,Comedy,0,1.535502310122599
183273389,495599872,86.69155078938168,83,4.581042921125141,Movie 1877,Adventure,1,2.704156204586799
160772142,129218756,58.14439122788607,115,5.138860025086725,Movie 1878,Horror,0,0.8037384735472393
162149534,338340916,67.72974887507071,85,3.9766566061522126,Movie 1879,Romance,1,2.086598139714666
148693733,290749706,2.649386653177383,100,5.934804190295443,Movie 1880,Romance,1,1.955359517404812
179939423,143238546,34.55553275949642,156,7.763059757207167,Movie 1881,Thriller,0,0.796037597608613
138369610,142484144,79.77036283548276,168,6.968162361967835,Movie 1882,Drama,0,1.0297358213266627
33134444,42329458,8.670814405446203,105,3.646753484193248,Movie 1883,Horror,0,1.2775062107576032
31319320,28730079,28.9490695868613,134,5.925489620380296,Movie 1884,Drama,0,0.9173276750580792
66062907,73285148,58.94438600509682,118,7.185878296678349,Movie 1885,Adventure,0,1.1093236935516628
129208997,151045575,26.38488974219524,163,6.179371779323647,Movie 1886,Romance,1,1.1690019929494535
141955048,190104011,93.4638194403074,112,5.350053579213293,Movie 1887,Comedy,1,1.33918457764179
171161543,406247837,13.974804449624749,93,6.731486527703269,Movie 1888,Adventure,1,2.3734761318434714
158991690,306819064,79.94204143287008,135,8.811831991801654,Movie 1889,Drama,1,1.9297805061384024
185713429,550754842,51.28692049873442,179,3.569447458596468,Movie 1890,Horror,1,2.9656166760024663
183236247,281604714,75.28274680617564,160,5.340096364485364,Movie 1891,Thriller,1,1.5368395642811872
90859624,216669554,31.76081750283329,100,5.439635118276573,Movie 1892,Thriller,1,2.38466267480922
174054539,466234855,51.93447062889184,125,6.461803862810227,Movie 1893,Thriller,1,2.6786710514915097
37097069,81518814,85.82669962259446,95,3.9130476112915074,Movie 1894,Horror,0,2.197446218729571
76142815,116472759,47.220931813187335,95,4.059858179222817,Movie 1895,Comedy,0,1.5296618466233485
79888398,190452868,36.61226632911669,163,4.712168315987128,Movie 1896,Comedy,1,2.383986570866022
193656693,195432107,54.07938323902087,108,8.735220259611118,Movie 1897,Thriller,1,1.009167842187618
99138203,130751434,72.01891255060032,171,7.404651487385416,Movie 1898,Horror,0,1.3188804118226756
65274067,121847958,44.91277120435177,87,6.970159810149019,Movie 1899,Adventure,0,1.866713131265438
144952544,280993908,93.94882053908502,167,7.901746124365573,Movie 1900,Horror,1,1.9385234659972577
111830503,62105482,30.19963658019186,82,3.7654588135001577,Movie 1901,Science Fiction,0,0.5553536855682389
42965471,123000926,48.070897010742925,168,8.15599691834251,Movie 1902,Action,0,2.8627854678935094
17052465,38224262,75.9358382748027,98,6.568996283325024,Movie 1903,Comedy,0,2.2415681251948034
60963387,106031142,69.22298795908006,176,5.011974044753613,Movie 1904,Drama,0,1.739259368906127
43590048,123482676,86.50046418929846,145,7.895131534474142,Movie 1905,Romance,0,2.832818078108104
77070913,123139196,99.6841088874298,158,7.815387206091744,Movie 1906,Thriller,0,1.5977389031319766
148069152,436965234,43.258974550713866,165,8.074251490300362,Movie 1907,Comedy,1,2.9510889209387785
109948256,195786167,12.003937098547873,153,3.693107400641893,Movie 1908,Horror,1,1.7807118923286969
33356072,26208346,4.011172199988829,161,8.816167469974657,Movie 1909,Action,0,0.7857143970668968
164753932,397386884,72.96081370783739,101,8.757756922738388,Movie 1910,Comedy,1,2.4120024279602625
86936029,191019695,87.52735345956285,125,5.1448178730104495,Movie 1911,Animation,1,2.1972443093760354
143606240,349317411,22.85054600849745,170,3.395364109271518,Movie 1912,Science Fiction,1,2.4324667994928357
52599948,151414477,16.68635568180069,92,4.002334016812714,Movie 1913,Comedy,1,2.8786050701038715
70056627,171023867,7.158304061043407,112,8.956984952668183,Movie 1914,Horror,1,2.4412232550105504
195567833,396678352,82.44758925000343,84,6.378077659029978,Movie 1915,Animation,1,2.0283415013347312
95159765,251533166,31.82681204936585,169,5.139730792956312,Movie 1916,Comedy,1,2.643272248518058
42208934,92147003,40.76799238321787,156,4.729216163100233,Movie 1917,Action,0,2.183116091015234
34138881,51901260,50.77226896935162,106,4.5419504118656855,Movie 1918,Animation,0,1.520297633657061
22650278,23890406,65.43248893458701,103,5.516326989118116,Movie 1920,Adventure,0,1.0547511160790168
58376857,133484707,61.89139835592332,146,8.79246419621167,Movie 1921,Adventure,0,2.286603182490623
9439469,25523461,18.39153789563516,142,7.103058183872169,Movie 1922,Comedy,0,2.703908556720722
25455289,59267327,51.805799279273145,173,7.752267546293767,Movie 1923,Romance,0,2.3282912639491147
39400142,88381947,71.82272070068687,178,4.75644929149896,Movie 1924,Science Fiction,0,2.243188539777344
55332385,131779372,97.35282742001868,127,3.475118454651755,Movie 1925,Comedy,0,2.3815957327702395
177881769,295753010,20.93922461212187,142,5.926937024291286,Movie 1926,Comedy,1,1.6626381200425322
195929067,197612330,8.454841926248506,91,4.212498990047542,Movie 1928,Drama,1,1.0085911857070191
181679984,148698897,38.20939405301594,107,8.715852784805168,Movie 1929,Science Fiction,0,0.818466039715195
61344167,74457829,82.23392012685272,123,5.6639292860521815,Movie 1930,Action,0,1.21377194672804
82500098,146553544,46.21632869569819,122,4.191903916086835,Movie 1932,Drama,0,1.776404483786189
92144826,235107237,33.593830918798055,96,4.684258454787564,Movie 1933,Horror,1,2.551496890340864
136661445,206553065,6.19568929987303,119,8.995897609138277,Movie 1934,Action,1,1.511421637609642
139627080,238882534,45.57339238058911,128,4.608069003117584,Movie 1935,Science Fiction,1,1.7108610593303248
178366431,95144080,26.220122026335165,164,4.972810827470722,Movie 1936,Romance,0,0.5334192059939799
93601713,142681592,35.83659860035364,136,6.955968767904008,Movie 1937,Adventure,0,1.524348085381728
43307399,91787242,70.855915173645,166,4.7637682584617895,Movie 1938,Romance,0,2.1194355726604592
2308507,2775298,13.34009547028852,143,3.951823119897592,Movie 1940,Animation,0,1.2022047149954491
144549523,147424742,96.18003950194029,154,4.876095990166753,Movie 1941,Comedy,0,1.0198908923414434
116750205,70629621,63.9551658052641,136,3.635494137772641,Movie 1942,Romance,0,0.6049635715843068
10986298,18656384,76.82097414059062,177,3.1118795184886974,Movie 1943,Thriller,0,1.6981501867143964
76655174,73152663,8.84210185082871,153,7.827850184008064,Movie 1944,Science Fiction,0,0.9543082245172388
154846218,365081524,5.65877956654187,153,3.8273696544874594,Movie 1945,Horror,1,2.3577038478266226
86111891,225597629,2.925356986440036,149,7.655861098891454,Movie 1946,Horror,1,2.619819706432878
151220165,281868785,19.690608749571,179,7.785254873919959,Movie 1947,Drama,1,1.8639629509728413
21606265,63830704,42.02643137413102,167,6.227517157975459,Movie 1948,Drama,0,2.954268310603429
146309717,237928339,93.64678720687948,155,4.858091749877708,Movie 1949,Animation,1,1.6261964268579645
187418046,557202169,29.73525543188041,102,7.420830640325994,Movie 1951,Adventure,1,2.973044383356766
80790594,87162636,56.63159009844667,106,6.608321915890716,Movie 1952,Action,0,1.0788710873941587
176037566,502827515,12.081523235344134,137,6.932720738961384,Movie 1953,Action,1,2.8563648454444093
114398568,69450671,61.34108320949333,116,3.052014539070786,Movie 1954,Horror,0,0.6070938842521175
168501499,272292899,57.27476347871983,85,8.565102094246948,Movie 1955,Adventure,1,1.6159672205646076
190363049,128496729,79.40731030716526,144,3.397741124679301,Movie 1956,Action,0,0.675008777570063
5755469,13370454,98.6820735500854,85,5.200835310840034,Movie 1957,Animation,0,2.3230867892781637
83162634,168073541,25.836473699894945,129,5.416269897910201,Movie 1958,Animation,1,2.021022337988958
109637707,156091733,78.73379855786129,104,7.5168539670660595,Movie 1961,Romance,1,1.423704829945048
149368268,91607289,49.25322400697995,158,7.939611918688633,Movie 1962,Comedy,0,0.6132981939644637
180439128,248078963,94.591793311863,169,8.276381959835305,Movie 1963,Horror,1,1.3748623469295418
71941842,104176560,93.16886335154582,130,6.783817143177902,Movie 1965,Drama,0,1.448066342254623
165777526,427443966,6.000231845897848,167,3.477118279778993,Movie 1966,Action,1,2.578419260521477
141370669,368385634,55.18316966735375,127,5.928229345690499,Movie 1967,Drama,1,2.605813756175972
105779107,151592344,89.1536538521075,149,3.928894529230412,Movie 1968,Drama,1,1.433102890535841
171503798,356723046,27.00937341256898,178,5.217858705735129,Movie 1969,Science Fiction,1,2.079971698352709
145773814,107643612,47.75260139557069,144,4.975831877187596,Movie 1970,Romance,0,0.7384290020702895
188525407,143127820,33.1085590345597,139,5.5412434634490495,Movie 1971,Romance,0,0.7591964514363838
158507371,98535181,95.2622477905588,125,6.429819707844795,Movie 1972,Science Fiction,0,0.6216441568512293
90597893,176895804,82.54091388055599,115,8.417259882377975,Movie 1973,Drama,1,1.952537726236084
137158097,214676759,71.19114962131158,137,5.366907788085032,Movie 1974,Drama,1,1.5651774389958182
122388754,228876870,59.17507167489576,155,8.886787174269305,Movie 1975,Science Fiction,1,1.8700808899484345
176899285,318893329,82.23858714309067,117,7.554168288307217,Movie 1976,Comedy,1,1.8026829729696197
86103140,118435512,39.83443711083116,90,6.0688862807303,Movie 1977,Adventure,0,1.375507466975072
183444343,402418835,45.307633655500126,91,6.864158622671664,Movie 1978,Adventure,1,2.1936835359376547
161172904,386211329,73.27017038700528,121,3.613345026791667,Movie 1979,Action,1,2.39625470172083
109772994,58900966,36.41772156607771,118,8.067129187881928,Movie 1980,Drama,0,0.5365706432312487
82718171,84215845,7.326193262789008,150,6.494144730383795,Movie 1981,Animation,0,1.018105743658186
52721929,120368891,8.359126279721075,90,8.91640488125761,Movie 1982,Science Fiction,0,2.283089660850611
122381618,179478814,12.420917329264682,115,6.818572462517095,Movie 1983,Comedy,1,1.4665504258981117
142996476,308330412,87.09845101102262,131,8.00466949959795,Movie 1984,Romance,1,2.156209863521392
187400693,276769812,71.5753545651289,112,5.072766908809613,Movie 1986,Thriller,1,1.4768878789578437
132651518,118948242,39.89802422488443,92,4.55766375139927,Movie 1987,Action,0,0.8966971791457373
70055694,80254230,26.612383794147814,97,5.58296150058906,Movie 1988,Romance,0,1.1455775457737951
33997728,68455424,35.37202458865898,120,5.803448066453023,Movie 1989,Action,0,2.013529374668801
121054662,191618366,79.62405218640117,137,4.440508211619863,Movie 1990,Horror,1,1.5829077776451104
108902283,265259466,62.89639637811238,135,8.36758724010583,Movie 1991,Comedy,1,2.4357567049351943
100989204,265749291,93.82633821583232,103,6.255287173803876,Movie 1992,Romance,1,2.631462378889529
171377374,317753538,68.29077307910656,152,8.870666352921418,Movie 1993,Animation,1,1.8541160398454928
176695801,423304516,57.4479815437147,110,7.86010666827758,Movie 1994,Animation,1,2.395668225302083
145934935,184937692,61.40940488959761,134,6.334229162351676,Movie 1995,Comedy,1,1.2672612764037616
17169764,26397276,94.29477250737304,89,8.682241668866155,Movie 1996,Comedy,0,1.537428004252126
144602179,329974102,79.0318920568039,139,6.029248890571843,Movie 1997,Science Fiction,1,2.281944188406732
77123517,113026826,3.380082499277344,81,8.322639075112022,Movie 1998,Comedy,0,1.465529975766017
21808635,42990540,53.87982991743402,94,5.148868687174833,Movie 1999,Animation,0,1.971262300460345
173267671,166931609,69.14550274310992,82,5.271854300424565,Movie 2000,Horror,1,0.9634319434004512
